	Comparts	Site	Sitetre	Treatment	Soiltype	ComTreament	TreCom	SiteCom	Maize.variety	Growing.day
BQYCK1	BS	QY	QYCK	CK	RS	BQYCK	CKB	QYB	YD13	116d
BQYCK2	BS	QY	QYCK	CK	RS	BQYCK	CKB	QYB	YD13	116d
BQYCK3	BS	QY	QYCK	CK	RS	BQYCK	CKB	QYB	YD13	116d
BQYCK4	BS	QY	QYCK	CK	RS	BQYCK	CKB	QYB	YD13	116d
BQYCK5	BS	QY	QYCK	CK	RS	BQYCK	CKB	QYB	YD13	116d
BQYCK6	BS	QY	QYCK	CK	RS	BQYCK	CKB	QYB	YD13	116d
BQYCK7	BS	QY	QYCK	CK	RS	BQYCK	CKB	QYB	YD13	116d
BQYCK8	BS	QY	QYCK	CK	RS	BQYCK	CKB	QYB	YD13	116d
BQYCK9	BS	QY	QYCK	CK	RS	BQYCK	CKB	QYB	YD13	116d
BQYNPK1	BS	QY	QYNPK	NPK	RS	BQYNPK	NPKB	QYB	YD13	116d
BQYNPK2	BS	QY	QYNPK	NPK	RS	BQYNPK	NPKB	QYB	YD13	116d
BQYNPK3	BS	QY	QYNPK	NPK	RS	BQYNPK	NPKB	QYB	YD13	116d
BQYNPK4	BS	QY	QYNPK	NPK	RS	BQYNPK	NPKB	QYB	YD13	116d
BQYNPK5	BS	QY	QYNPK	NPK	RS	BQYNPK	NPKB	QYB	YD13	116d
BQYNPK6	BS	QY	QYNPK	NPK	RS	BQYNPK	NPKB	QYB	YD13	116d
BQYNPK7	BS	QY	QYNPK	NPK	RS	BQYNPK	NPKB	QYB	YD13	116d
BQYNPK8	BS	QY	QYNPK	NPK	RS	BQYNPK	NPKB	QYB	YD13	116d
BQYNPK9	BS	QY	QYNPK	NPK	RS	BQYNPK	NPKB	QYB	YD13	116d
BQYNPKM1	BS	QY	QYNPKM	NPKM	RS	BQYNPKM	NPKMB	QYB	YD13	116d
BQYNPKM2	BS	QY	QYNPKM	NPKM	RS	BQYNPKM	NPKMB	QYB	YD13	116d
BQYNPKM3	BS	QY	QYNPKM	NPKM	RS	BQYNPKM	NPKMB	QYB	YD13	116d
BQYNPKM4	BS	QY	QYNPKM	NPKM	RS	BQYNPKM	NPKMB	QYB	YD13	116d
BQYNPKM5	BS	QY	QYNPKM	NPKM	RS	BQYNPKM	NPKMB	QYB	YD13	116d
BQYNPKM6	BS	QY	QYNPKM	NPKM	RS	BQYNPKM	NPKMB	QYB	YD13	116d
BQYNPKM7	BS	QY	QYNPKM	NPKM	RS	BQYNPKM	NPKMB	QYB	YD13	116d
BQYNPKM8	BS	QY	QYNPKM	NPKM	RS	BQYNPKM	NPKMB	QYB	YD13	116d
BQYNPKM9	BS	QY	QYNPKM	NPKM	RS	BQYNPKM	NPKMB	QYB	YD13	116d
BYCCK1	BS	YC	YCCK	CK	FS	BYCCK	CKB	YCB	ZD958	68d
BYCCK2	BS	YC	YCCK	CK	FS	BYCCK	CKB	YCB	ZD958	68d
BYCCK3	BS	YC	YCCK	CK	FS	BYCCK	CKB	YCB	ZD958	68d
BYCCK4	BS	YC	YCCK	CK	FS	BYCCK	CKB	YCB	ZD958	68d
BYCCK5	BS	YC	YCCK	CK	FS	BYCCK	CKB	YCB	ZD958	68d
BYCCK6	BS	YC	YCCK	CK	FS	BYCCK	CKB	YCB	ZD958	68d
BYCCK7	BS	YC	YCCK	CK	FS	BYCCK	CKB	YCB	ZD958	68d
BYCCK8	BS	YC	YCCK	CK	FS	BYCCK	CKB	YCB	ZD958	68d
BYCCK9	BS	YC	YCCK	CK	FS	BYCCK	CKB	YCB	ZD958	68d
BYCNPK1	BS	YC	YCNPK	NPK	FS	BYCNPK	NPKB	YCB	ZD958	68d
BYCNPK2	BS	YC	YCNPK	NPK	FS	BYCNPK	NPKB	YCB	ZD958	68d
BYCNPK3	BS	YC	YCNPK	NPK	FS	BYCNPK	NPKB	YCB	ZD958	68d
BYCNPK4	BS	YC	YCNPK	NPK	FS	BYCNPK	NPKB	YCB	ZD958	68d
BYCNPK5	BS	YC	YCNPK	NPK	FS	BYCNPK	NPKB	YCB	ZD958	68d
BYCNPK6	BS	YC	YCNPK	NPK	FS	BYCNPK	NPKB	YCB	ZD958	68d
BYCNPK7	BS	YC	YCNPK	NPK	FS	BYCNPK	NPKB	YCB	ZD958	68d
BYCNPK8	BS	YC	YCNPK	NPK	FS	BYCNPK	NPKB	YCB	ZD958	68d
BYCNPK9	BS	YC	YCNPK	NPK	FS	BYCNPK	NPKB	YCB	ZD958	68d
BYCNPKM1	BS	YC	YCNPKM	NPKM	FS	BYCNPKM	NPKMB	YCB	ZD958	68d
BYCNPKM2	BS	YC	YCNPKM	NPKM	FS	BYCNPKM	NPKMB	YCB	ZD958	68d
BYCNPKM3	BS	YC	YCNPKM	NPKM	FS	BYCNPKM	NPKMB	YCB	ZD958	68d
BYCNPKM4	BS	YC	YCNPKM	NPKM	FS	BYCNPKM	NPKMB	YCB	ZD958	68d
BYCNPKM5	BS	YC	YCNPKM	NPKM	FS	BYCNPKM	NPKMB	YCB	ZD958	68d
BYCNPKM6	BS	YC	YCNPKM	NPKM	FS	BYCNPKM	NPKMB	YCB	ZD958	68d
BYCNPKM7	BS	YC	YCNPKM	NPKM	FS	BYCNPKM	NPKMB	YCB	ZD958	68d
BYCNPKM8	BS	YC	YCNPKM	NPKM	FS	BYCNPKM	NPKMB	YCB	ZD958	68d
BYCNPKM9	BS	YC	YCNPKM	NPKM	FS	BYCNPKM	NPKMB	YCB	ZD958	68d
BYYCK1	BS	YY	YYCK	CK	FS	BYYCK	CKB	YYB	JD20	66d
BYYCK2	BS	YY	YYCK	CK	FS	BYYCK	CKB	YYB	JD20	66d
BYYCK3	BS	YY	YYCK	CK	FS	BYYCK	CKB	YYB	JD20	66d
BYYCK4	BS	YY	YYCK	CK	FS	BYYCK	CKB	YYB	JD20	66d
BYYCK5	BS	YY	YYCK	CK	FS	BYYCK	CKB	YYB	JD20	66d
BYYCK6	BS	YY	YYCK	CK	FS	BYYCK	CKB	YYB	JD20	66d
BYYCK7	BS	YY	YYCK	CK	FS	BYYCK	CKB	YYB	JD20	66d
BYYCK8	BS	YY	YYCK	CK	FS	BYYCK	CKB	YYB	JD20	66d
BYYCK9	BS	YY	YYCK	CK	FS	BYYCK	CKB	YYB	JD20	66d
BYYNPK1	BS	YY	YYNPK	NPK	FS	BYYNPK	NPKB	YYB	JD20	66d
BYYNPK2	BS	YY	YYNPK	NPK	FS	BYYNPK	NPKB	YYB	JD20	66d
BYYNPK3	BS	YY	YYNPK	NPK	FS	BYYNPK	NPKB	YYB	JD20	66d
BYYNPK4	BS	YY	YYNPK	NPK	FS	BYYNPK	NPKB	YYB	JD20	66d
BYYNPK5	BS	YY	YYNPK	NPK	FS	BYYNPK	NPKB	YYB	JD20	66d
BYYNPK6	BS	YY	YYNPK	NPK	FS	BYYNPK	NPKB	YYB	JD20	66d
BYYNPK7	BS	YY	YYNPK	NPK	FS	BYYNPK	NPKB	YYB	JD20	66d
BYYNPK8	BS	YY	YYNPK	NPK	FS	BYYNPK	NPKB	YYB	JD20	66d
BYYNPK9	BS	YY	YYNPK	NPK	FS	BYYNPK	NPKB	YYB	JD20	66d
BYYNPKM1	BS	YY	YYNPKM	NPKM	FS	BYYNPKM	NPKMB	YYB	JD20	66d
BYYNPKM2	BS	YY	YYNPKM	NPKM	FS	BYYNPKM	NPKMB	YYB	JD20	66d
BYYNPKM3	BS	YY	YYNPKM	NPKM	FS	BYYNPKM	NPKMB	YYB	JD20	66d
BYYNPKM4	BS	YY	YYNPKM	NPKM	FS	BYYNPKM	NPKMB	YYB	JD20	66d
BYYNPKM5	BS	YY	YYNPKM	NPKM	FS	BYYNPKM	NPKMB	YYB	JD20	66d
BYYNPKM6	BS	YY	YYNPKM	NPKM	FS	BYYNPKM	NPKMB	YYB	JD20	66d
BYYNPKM7	BS	YY	YYNPKM	NPKM	FS	BYYNPKM	NPKMB	YYB	JD20	66d
BYYNPKM8	BS	YY	YYNPKM	NPKM	FS	BYYNPKM	NPKMB	YYB	JD20	66d
BYYNPKM9	BS	YY	YYNPKM	NPKM	FS	BYYNPKM	NPKMB	YYB	JD20	66d
BCCCK1	BS	CC	CCCK	CK	BS	BCCCK	CKB	CCB	LY66	115d
BCCCK2	BS	CC	CCCK	CK	BS	BCCCK	CKB	CCB	LY66	115d
BCCCK3	BS	CC	CCCK	CK	BS	BCCCK	CKB	CCB	LY66	115d
BCCNPK1	BS	CC	CCNPK	NPK	BS	BCCNPK	NPKB	CCB	LY66	115d
BCCNPK2	BS	CC	CCNPK	NPK	BS	BCCNPK	NPKB	CCB	LY66	115d
BCCNPK3	BS	CC	CCNPK	NPK	BS	BCCNPK	NPKB	CCB	LY66	115d
BCCNPKM1	BS	CC	CCNPKM	NPKM	BS	BCCNPKM	NPKMB	CCB	LY66	115d
BCCNPKM2	BS	CC	CCNPKM	NPKM	BS	BCCNPKM	NPKMB	CCB	LY66	115d
BCCNPKM3	BS	CC	CCNPKM	NPKM	BS	BCCNPKM	NPKMB	CCB	LY66	115d
BJX20CK1	BS	JX20	JX20CK	CK	RS	BJX20CK	CKB	JX20B	YD13	77d
BJX20CK2	BS	JX20	JX20CK	CK	RS	BJX20CK	CKB	JX20B	YD13	77d
BJX20CK3	BS	JX20	JX20CK	CK	RS	BJX20CK	CKB	JX20B	YD13	77d
BJX20CK4	BS	JX20	JX20CK	CK	RS	BJX20CK	CKB	JX20B	YD13	77d
BJX20CK5	BS	JX20	JX20CK	CK	RS	BJX20CK	CKB	JX20B	YD13	77d
BJX20CK6	BS	JX20	JX20CK	CK	RS	BJX20CK	CKB	JX20B	YD13	77d
BJX20CK7	BS	JX20	JX20CK	CK	RS	BJX20CK	CKB	JX20B	YD13	77d
BJX20CK8	BS	JX20	JX20CK	CK	RS	BJX20CK	CKB	JX20B	YD13	77d
BJX20CK9	BS	JX20	JX20CK	CK	RS	BJX20CK	CKB	JX20B	YD13	77d
BJX20NPK1	BS	JX20	JX20NPK	NPK	RS	BJX20NPK	NPKB	JX20B	YD13	77d
BJX20NPK2	BS	JX20	JX20NPK	NPK	RS	BJX20NPK	NPKB	JX20B	YD13	77d
BJX20NPK3	BS	JX20	JX20NPK	NPK	RS	BJX20NPK	NPKB	JX20B	YD13	77d
BJX20NPK4	BS	JX20	JX20NPK	NPK	RS	BJX20NPK	NPKB	JX20B	YD13	77d
BJX20NPK5	BS	JX20	JX20NPK	NPK	RS	BJX20NPK	NPKB	JX20B	YD13	77d
BJX20NPK6	BS	JX20	JX20NPK	NPK	RS	BJX20NPK	NPKB	JX20B	YD13	77d
BJX20NPK7	BS	JX20	JX20NPK	NPK	RS	BJX20NPK	NPKB	JX20B	YD13	77d
BJX20NPK8	BS	JX20	JX20NPK	NPK	RS	BJX20NPK	NPKB	JX20B	YD13	77d
BJX20NPK9	BS	JX20	JX20NPK	NPK	RS	BJX20NPK	NPKB	JX20B	YD13	77d
BJX20NPKM1	BS	JX20	JX20NPKM	NPKM	RS	BJX20NPKM	NPKMB	JX20B	YD13	77d
BJX20NPKM2	BS	JX20	JX20NPKM	NPKM	RS	BJX20NPKM	NPKMB	JX20B	YD13	77d
BJX20NPKM3	BS	JX20	JX20NPKM	NPKM	RS	BJX20NPKM	NPKMB	JX20B	YD13	77d
BJX20NPKM4	BS	JX20	JX20NPKM	NPKM	RS	BJX20NPKM	NPKMB	JX20B	YD13	77d
BJX20NPKM5	BS	JX20	JX20NPKM	NPKM	RS	BJX20NPKM	NPKMB	JX20B	YD13	77d
BJX20NPKM6	BS	JX20	JX20NPKM	NPKM	RS	BJX20NPKM	NPKMB	JX20B	YD13	77d
BJX20NPKM7	BS	JX20	JX20NPKM	NPKM	RS	BJX20NPKM	NPKMB	JX20B	YD13	77d
BJX20NPKM8	BS	JX20	JX20NPKM	NPKM	RS	BJX20NPKM	NPKMB	JX20B	YD13	77d
BJX20NPKM9	BS	JX20	JX20NPKM	NPKM	RS	BJX20NPKM	NPKMB	JX20B	YD13	77d
BHL20CK1	BS	HL20	HL20CK	CK	BS	BHL20CK	CKB	HL20B	KW6	102d
BHL20CK2	BS	HL20	HL20CK	CK	BS	BHL20CK	CKB	HL20B	KW6	102d
BHL20CK3	BS	HL20	HL20CK	CK	BS	BHL20CK	CKB	HL20B	KW6	102d
BHL20NPK1	BS	HL20	HL20NPK	NPK	BS	BHL20NPK	NPKB	HL20B	KW6	102d
BHL20NPK2	BS	HL20	HL20NPK	NPK	BS	BHL20NPK	NPKB	HL20B	KW6	102d
BHL20NPK3	BS	HL20	HL20NPK	NPK	BS	BHL20NPK	NPKB	HL20B	KW6	102d
BHL20NPKM1	BS	HL20	HL20NPKM	NPKM	BS	BHL20NPKM	NPKMB	HL20B	KW6	102d
BHL20NPKM2	BS	HL20	HL20NPKM	NPKM	BS	BHL20NPKM	NPKMB	HL20B	KW6	102d
BHL20NPKM3	BS	HL20	HL20NPKM	NPKM	BS	BHL20NPKM	NPKMB	HL20B	KW6	102d
LEQYCK1	LE	QY	QYCK	CK	RS	LEQYCK	CKLE	QYLE	YD13	116d
LEQYCK2	LE	QY	QYCK	CK	RS	LEQYCK	CKLE	QYLE	YD13	116d
LEQYCK3	LE	QY	QYCK	CK	RS	LEQYCK	CKLE	QYLE	YD13	116d
LEQYCK4	LE	QY	QYCK	CK	RS	LEQYCK	CKLE	QYLE	YD13	116d
LEQYCK6	LE	QY	QYCK	CK	RS	LEQYCK	CKLE	QYLE	YD13	116d
LEQYCK7	LE	QY	QYCK	CK	RS	LEQYCK	CKLE	QYLE	YD13	116d
LEQYCK8	LE	QY	QYCK	CK	RS	LEQYCK	CKLE	QYLE	YD13	116d
LEQYNPK1	LE	QY	QYNPK	NPK	RS	LEQYNPK	NPKLE	QYLE	YD13	116d
LEQYNPK2	LE	QY	QYNPK	NPK	RS	LEQYNPK	NPKLE	QYLE	YD13	116d
LEQYNPK3	LE	QY	QYNPK	NPK	RS	LEQYNPK	NPKLE	QYLE	YD13	116d
LEQYNPK4	LE	QY	QYNPK	NPK	RS	LEQYNPK	NPKLE	QYLE	YD13	116d
LEQYNPK5	LE	QY	QYNPK	NPK	RS	LEQYNPK	NPKLE	QYLE	YD13	116d
LEQYNPK6	LE	QY	QYNPK	NPK	RS	LEQYNPK	NPKLE	QYLE	YD13	116d
LEQYNPK7	LE	QY	QYNPK	NPK	RS	LEQYNPK	NPKLE	QYLE	YD13	116d
LEQYNPK8	LE	QY	QYNPK	NPK	RS	LEQYNPK	NPKLE	QYLE	YD13	116d
LEQYNPKM1	LE	QY	QYNPKM	NPKM	RS	LEQYNPKM	NPKMLE	QYLE	YD13	116d
LEQYNPKM2	LE	QY	QYNPKM	NPKM	RS	LEQYNPKM	NPKMLE	QYLE	YD13	116d
LEQYNPKM3	LE	QY	QYNPKM	NPKM	RS	LEQYNPKM	NPKMLE	QYLE	YD13	116d
LEQYNPKM4	LE	QY	QYNPKM	NPKM	RS	LEQYNPKM	NPKMLE	QYLE	YD13	116d
LEQYNPKM5	LE	QY	QYNPKM	NPKM	RS	LEQYNPKM	NPKMLE	QYLE	YD13	116d
LEQYNPKM6	LE	QY	QYNPKM	NPKM	RS	LEQYNPKM	NPKMLE	QYLE	YD13	116d
LEQYNPKM7	LE	QY	QYNPKM	NPKM	RS	LEQYNPKM	NPKMLE	QYLE	YD13	116d
LEQYNPKM8	LE	QY	QYNPKM	NPKM	RS	LEQYNPKM	NPKMLE	QYLE	YD13	116d
LEQYNPKM9	LE	QY	QYNPKM	NPKM	RS	LEQYNPKM	NPKMLE	QYLE	YD13	116d
LEYCCK1	LE	YC	YCCK	CK	FS	LEYCCK	CKLE	YCLE	ZD958	68d
LEYCCK2	LE	YC	YCCK	CK	FS	LEYCCK	CKLE	YCLE	ZD958	68d
LEYCCK3	LE	YC	YCCK	CK	FS	LEYCCK	CKLE	YCLE	ZD958	68d
LEYCCK4	LE	YC	YCCK	CK	FS	LEYCCK	CKLE	YCLE	ZD958	68d
LEYCCK5	LE	YC	YCCK	CK	FS	LEYCCK	CKLE	YCLE	ZD958	68d
LEYCCK6	LE	YC	YCCK	CK	FS	LEYCCK	CKLE	YCLE	ZD958	68d
LEYCCK7	LE	YC	YCCK	CK	FS	LEYCCK	CKLE	YCLE	ZD958	68d
LEYCCK8	LE	YC	YCCK	CK	FS	LEYCCK	CKLE	YCLE	ZD958	68d
LEYCCK9	LE	YC	YCCK	CK	FS	LEYCCK	CKLE	YCLE	ZD958	68d
LEYCNPK1	LE	YC	YCNPK	NPK	FS	LEYCNPK	NPKLE	YCLE	ZD958	68d
LEYCNPK2	LE	YC	YCNPK	NPK	FS	LEYCNPK	NPKLE	YCLE	ZD958	68d
LEYCNPK3	LE	YC	YCNPK	NPK	FS	LEYCNPK	NPKLE	YCLE	ZD958	68d
LEYCNPK4	LE	YC	YCNPK	NPK	FS	LEYCNPK	NPKLE	YCLE	ZD958	68d
LEYCNPK5	LE	YC	YCNPK	NPK	FS	LEYCNPK	NPKLE	YCLE	ZD958	68d
LEYCNPK6	LE	YC	YCNPK	NPK	FS	LEYCNPK	NPKLE	YCLE	ZD958	68d
LEYCNPK7	LE	YC	YCNPK	NPK	FS	LEYCNPK	NPKLE	YCLE	ZD958	68d
LEYCNPK8	LE	YC	YCNPK	NPK	FS	LEYCNPK	NPKLE	YCLE	ZD958	68d
LEYCNPK9	LE	YC	YCNPK	NPK	FS	LEYCNPK	NPKLE	YCLE	ZD958	68d
LEYCNPKM1	LE	YC	YCNPKM	NPKM	FS	LEYCNPKM	NPKMLE	YCLE	ZD958	68d
LEYCNPKM2	LE	YC	YCNPKM	NPKM	FS	LEYCNPKM	NPKMLE	YCLE	ZD958	68d
LEYCNPKM3	LE	YC	YCNPKM	NPKM	FS	LEYCNPKM	NPKMLE	YCLE	ZD958	68d
LEYCNPKM4	LE	YC	YCNPKM	NPKM	FS	LEYCNPKM	NPKMLE	YCLE	ZD958	68d
LEYCNPKM5	LE	YC	YCNPKM	NPKM	FS	LEYCNPKM	NPKMLE	YCLE	ZD958	68d
LEYCNPKM6	LE	YC	YCNPKM	NPKM	FS	LEYCNPKM	NPKMLE	YCLE	ZD958	68d
LEYCNPKM7	LE	YC	YCNPKM	NPKM	FS	LEYCNPKM	NPKMLE	YCLE	ZD958	68d
LEYCNPKM8	LE	YC	YCNPKM	NPKM	FS	LEYCNPKM	NPKMLE	YCLE	ZD958	68d
LEYCNPKM9	LE	YC	YCNPKM	NPKM	FS	LEYCNPKM	NPKMLE	YCLE	ZD958	68d
LEYYCK1	LE	YY	YYCK	CK	FS	LEYYCK	CKLE	YYLE	JD20	66d
LEYYCK2	LE	YY	YYCK	CK	FS	LEYYCK	CKLE	YYLE	JD20	66d
LEYYCK3	LE	YY	YYCK	CK	FS	LEYYCK	CKLE	YYLE	JD20	66d
LEYYCK4	LE	YY	YYCK	CK	FS	LEYYCK	CKLE	YYLE	JD20	66d
LEYYCK5	LE	YY	YYCK	CK	FS	LEYYCK	CKLE	YYLE	JD20	66d
LEYYCK6	LE	YY	YYCK	CK	FS	LEYYCK	CKLE	YYLE	JD20	66d
LEYYCK7	LE	YY	YYCK	CK	FS	LEYYCK	CKLE	YYLE	JD20	66d
LEYYCK8	LE	YY	YYCK	CK	FS	LEYYCK	CKLE	YYLE	JD20	66d
LEYYCK9	LE	YY	YYCK	CK	FS	LEYYCK	CKLE	YYLE	JD20	66d
LEYYNPK1	LE	YY	YYNPK	NPK	FS	LEYYNPK	NPKLE	YYLE	JD20	66d
LEYYNPK2	LE	YY	YYNPK	NPK	FS	LEYYNPK	NPKLE	YYLE	JD20	66d
LEYYNPK3	LE	YY	YYNPK	NPK	FS	LEYYNPK	NPKLE	YYLE	JD20	66d
LEYYNPK4	LE	YY	YYNPK	NPK	FS	LEYYNPK	NPKLE	YYLE	JD20	66d
LEYYNPK5	LE	YY	YYNPK	NPK	FS	LEYYNPK	NPKLE	YYLE	JD20	66d
LEYYNPK6	LE	YY	YYNPK	NPK	FS	LEYYNPK	NPKLE	YYLE	JD20	66d
LEYYNPK7	LE	YY	YYNPK	NPK	FS	LEYYNPK	NPKLE	YYLE	JD20	66d
LEYYNPK8	LE	YY	YYNPK	NPK	FS	LEYYNPK	NPKLE	YYLE	JD20	66d
LEYYNPK9	LE	YY	YYNPK	NPK	FS	LEYYNPK	NPKLE	YYLE	JD20	66d
LEYYNPKM1	LE	YY	YYNPKM	NPKM	FS	LEYYNPKM	NPKMLE	YYLE	JD20	66d
LEYYNPKM2	LE	YY	YYNPKM	NPKM	FS	LEYYNPKM	NPKMLE	YYLE	JD20	66d
LEYYNPKM3	LE	YY	YYNPKM	NPKM	FS	LEYYNPKM	NPKMLE	YYLE	JD20	66d
LEYYNPKM4	LE	YY	YYNPKM	NPKM	FS	LEYYNPKM	NPKMLE	YYLE	JD20	66d
LEYYNPKM5	LE	YY	YYNPKM	NPKM	FS	LEYYNPKM	NPKMLE	YYLE	JD20	66d
LEYYNPKM6	LE	YY	YYNPKM	NPKM	FS	LEYYNPKM	NPKMLE	YYLE	JD20	66d
LEYYNPKM7	LE	YY	YYNPKM	NPKM	FS	LEYYNPKM	NPKMLE	YYLE	JD20	66d
LEYYNPKM8	LE	YY	YYNPKM	NPKM	FS	LEYYNPKM	NPKMLE	YYLE	JD20	66d
LEYYNPKM9	LE	YY	YYNPKM	NPKM	FS	LEYYNPKM	NPKMLE	YYLE	JD20	66d
LECCCK1	LE	CC	CCCK	CK	BS	LECCCK	CKLE	CCLE	LY66	115d
LECCCK2	LE	CC	CCCK	CK	BS	LECCCK	CKLE	CCLE	LY66	115d
LECCCK3	LE	CC	CCCK	CK	BS	LECCCK	CKLE	CCLE	LY66	115d
LECCCK4	LE	CC	CCCK	CK	BS	LECCCK	CKLE	CCLE	LY66	115d
LECCCK5	LE	CC	CCCK	CK	BS	LECCCK	CKLE	CCLE	LY66	115d
LECCCK6	LE	CC	CCCK	CK	BS	LECCCK	CKLE	CCLE	LY66	115d
LECCCK7	LE	CC	CCCK	CK	BS	LECCCK	CKLE	CCLE	LY66	115d
LECCCK8	LE	CC	CCCK	CK	BS	LECCCK	CKLE	CCLE	LY66	115d
LECCCK9	LE	CC	CCCK	CK	BS	LECCCK	CKLE	CCLE	LY66	115d
LECCNPK1	LE	CC	CCNPK	NPK	BS	LECCNPK	NPKLE	CCLE	LY66	115d
LECCNPK2	LE	CC	CCNPK	NPK	BS	LECCNPK	NPKLE	CCLE	LY66	115d
LECCNPK3	LE	CC	CCNPK	NPK	BS	LECCNPK	NPKLE	CCLE	LY66	115d
LECCNPK4	LE	CC	CCNPK	NPK	BS	LECCNPK	NPKLE	CCLE	LY66	115d
LECCNPK5	LE	CC	CCNPK	NPK	BS	LECCNPK	NPKLE	CCLE	LY66	115d
LECCNPK6	LE	CC	CCNPK	NPK	BS	LECCNPK	NPKLE	CCLE	LY66	115d
LECCNPK7	LE	CC	CCNPK	NPK	BS	LECCNPK	NPKLE	CCLE	LY66	115d
LECCNPK8	LE	CC	CCNPK	NPK	BS	LECCNPK	NPKLE	CCLE	LY66	115d
LECCNPK9	LE	CC	CCNPK	NPK	BS	LECCNPK	NPKLE	CCLE	LY66	115d
LECCNPKM1	LE	CC	CCNPKM	NPKM	BS	LECCNPKM	NPKMLE	CCLE	LY66	115d
LECCNPKM2	LE	CC	CCNPKM	NPKM	BS	LECCNPKM	NPKMLE	CCLE	LY66	115d
LECCNPKM3	LE	CC	CCNPKM	NPKM	BS	LECCNPKM	NPKMLE	CCLE	LY66	115d
LECCNPKM4	LE	CC	CCNPKM	NPKM	BS	LECCNPKM	NPKMLE	CCLE	LY66	115d
LECCNPKM5	LE	CC	CCNPKM	NPKM	BS	LECCNPKM	NPKMLE	CCLE	LY66	115d
LECCNPKM6	LE	CC	CCNPKM	NPKM	BS	LECCNPKM	NPKMLE	CCLE	LY66	115d
LECCNPKM7	LE	CC	CCNPKM	NPKM	BS	LECCNPKM	NPKMLE	CCLE	LY66	115d
LECCNPKM8	LE	CC	CCNPKM	NPKM	BS	LECCNPKM	NPKMLE	CCLE	LY66	115d
LECCNPKM9	LE	CC	CCNPKM	NPKM	BS	LECCNPKM	NPKMLE	CCLE	LY66	115d
LEJX20CK1	LE	JX20	JX20CK	CK	RS	LEJX20CK	CKLE	JX20LE	YD13	77d
LEJX20CK2	LE	JX20	JX20CK	CK	RS	LEJX20CK	CKLE	JX20LE	YD13	77d
LEJX20CK3	LE	JX20	JX20CK	CK	RS	LEJX20CK	CKLE	JX20LE	YD13	77d
LEJX20CK4	LE	JX20	JX20CK	CK	RS	LEJX20CK	CKLE	JX20LE	YD13	77d
LEJX20CK5	LE	JX20	JX20CK	CK	RS	LEJX20CK	CKLE	JX20LE	YD13	77d
LEJX20CK6	LE	JX20	JX20CK	CK	RS	LEJX20CK	CKLE	JX20LE	YD13	77d
LEJX20CK7	LE	JX20	JX20CK	CK	RS	LEJX20CK	CKLE	JX20LE	YD13	77d
LEJX20CK8	LE	JX20	JX20CK	CK	RS	LEJX20CK	CKLE	JX20LE	YD13	77d
LEJX20CK9	LE	JX20	JX20CK	CK	RS	LEJX20CK	CKLE	JX20LE	YD13	77d
LEJX20NPK1	LE	JX20	JX20NPK	NPK	RS	LEJX20NPK	NPKLE	JX20LE	YD13	77d
LEJX20NPK2	LE	JX20	JX20NPK	NPK	RS	LEJX20NPK	NPKLE	JX20LE	YD13	77d
LEJX20NPK3	LE	JX20	JX20NPK	NPK	RS	LEJX20NPK	NPKLE	JX20LE	YD13	77d
LEJX20NPK4	LE	JX20	JX20NPK	NPK	RS	LEJX20NPK	NPKLE	JX20LE	YD13	77d
LEJX20NPK5	LE	JX20	JX20NPK	NPK	RS	LEJX20NPK	NPKLE	JX20LE	YD13	77d
LEJX20NPK6	LE	JX20	JX20NPK	NPK	RS	LEJX20NPK	NPKLE	JX20LE	YD13	77d
LEJX20NPK7	LE	JX20	JX20NPK	NPK	RS	LEJX20NPK	NPKLE	JX20LE	YD13	77d
LEJX20NPK8	LE	JX20	JX20NPK	NPK	RS	LEJX20NPK	NPKLE	JX20LE	YD13	77d
LEJX20NPK9	LE	JX20	JX20NPK	NPK	RS	LEJX20NPK	NPKLE	JX20LE	YD13	77d
LEJX20NPKM1	LE	JX20	JX20NPKM	NPKM	RS	LEJX20NPKM	NPKMLE	JX20LE	YD13	77d
LEJX20NPKM2	LE	JX20	JX20NPKM	NPKM	RS	LEJX20NPKM	NPKMLE	JX20LE	YD13	77d
LEJX20NPKM3	LE	JX20	JX20NPKM	NPKM	RS	LEJX20NPKM	NPKMLE	JX20LE	YD13	77d
LEJX20NPKM4	LE	JX20	JX20NPKM	NPKM	RS	LEJX20NPKM	NPKMLE	JX20LE	YD13	77d
LEJX20NPKM5	LE	JX20	JX20NPKM	NPKM	RS	LEJX20NPKM	NPKMLE	JX20LE	YD13	77d
LEJX20NPKM6	LE	JX20	JX20NPKM	NPKM	RS	LEJX20NPKM	NPKMLE	JX20LE	YD13	77d
LEJX20NPKM7	LE	JX20	JX20NPKM	NPKM	RS	LEJX20NPKM	NPKMLE	JX20LE	YD13	77d
LEJX20NPKM8	LE	JX20	JX20NPKM	NPKM	RS	LEJX20NPKM	NPKMLE	JX20LE	YD13	77d
LEJX20NPKM9	LE	JX20	JX20NPKM	NPKM	RS	LEJX20NPKM	NPKMLE	JX20LE	YD13	77d
LEHL20CK1	LE	HL20	HL20CK	CK	BS	LEHL20CK	CKLE	HL20LE	KW6	102d
LEHL20CK2	LE	HL20	HL20CK	CK	BS	LEHL20CK	CKLE	HL20LE	KW6	102d
LEHL20CK3	LE	HL20	HL20CK	CK	BS	LEHL20CK	CKLE	HL20LE	KW6	102d
LEHL20CK4	LE	HL20	HL20CK	CK	BS	LEHL20CK	CKLE	HL20LE	KW6	102d
LEHL20CK5	LE	HL20	HL20CK	CK	BS	LEHL20CK	CKLE	HL20LE	KW6	102d
LEHL20CK6	LE	HL20	HL20CK	CK	BS	LEHL20CK	CKLE	HL20LE	KW6	102d
LEHL20CK7	LE	HL20	HL20CK	CK	BS	LEHL20CK	CKLE	HL20LE	KW6	102d
LEHL20CK8	LE	HL20	HL20CK	CK	BS	LEHL20CK	CKLE	HL20LE	KW6	102d
LEHL20CK9	LE	HL20	HL20CK	CK	BS	LEHL20CK	CKLE	HL20LE	KW6	102d
LEHL20NPK1	LE	HL20	HL20NPK	NPK	BS	LEHL20NPK	NPKLE	HL20LE	KW6	102d
LEHL20NPK2	LE	HL20	HL20NPK	NPK	BS	LEHL20NPK	NPKLE	HL20LE	KW6	102d
LEHL20NPK3	LE	HL20	HL20NPK	NPK	BS	LEHL20NPK	NPKLE	HL20LE	KW6	102d
LEHL20NPK4	LE	HL20	HL20NPK	NPK	BS	LEHL20NPK	NPKLE	HL20LE	KW6	102d
LEHL20NPK5	LE	HL20	HL20NPK	NPK	BS	LEHL20NPK	NPKLE	HL20LE	KW6	102d
LEHL20NPK6	LE	HL20	HL20NPK	NPK	BS	LEHL20NPK	NPKLE	HL20LE	KW6	102d
LEHL20NPK7	LE	HL20	HL20NPK	NPK	BS	LEHL20NPK	NPKLE	HL20LE	KW6	102d
LEHL20NPK8	LE	HL20	HL20NPK	NPK	BS	LEHL20NPK	NPKLE	HL20LE	KW6	102d
LEHL20NPK9	LE	HL20	HL20NPK	NPK	BS	LEHL20NPK	NPKLE	HL20LE	KW6	102d
LEHL20NPKM2	LE	HL20	HL20NPKM	NPKM	BS	LEHL20NPKM	NPKMLE	HL20LE	KW6	102d
LEHL20NPKM3	LE	HL20	HL20NPKM	NPKM	BS	LEHL20NPKM	NPKMLE	HL20LE	KW6	102d
LEHL20NPKM4	LE	HL20	HL20NPKM	NPKM	BS	LEHL20NPKM	NPKMLE	HL20LE	KW6	102d
LEHL20NPKM5	LE	HL20	HL20NPKM	NPKM	BS	LEHL20NPKM	NPKMLE	HL20LE	KW6	102d
LEHL20NPKM6	LE	HL20	HL20NPKM	NPKM	BS	LEHL20NPKM	NPKMLE	HL20LE	KW6	102d
LEHL20NPKM7	LE	HL20	HL20NPKM	NPKM	BS	LEHL20NPKM	NPKMLE	HL20LE	KW6	102d
LEHL20NPKM8	LE	HL20	HL20NPKM	NPKM	BS	LEHL20NPKM	NPKMLE	HL20LE	KW6	102d
LEHL20NPKM9	LE	HL20	HL20NPKM	NPKM	BS	LEHL20NPKM	NPKMLE	HL20LE	KW6	102d
LQYCK1	P	QY	QYCK	CK	RS	LQYCK	CKL	QYL	YD13	116d
LQYCK2	P	QY	QYCK	CK	RS	LQYCK	CKL	QYL	YD13	116d
LQYCK3	P	QY	QYCK	CK	RS	LQYCK	CKL	QYL	YD13	116d
LQYCK4	P	QY	QYCK	CK	RS	LQYCK	CKL	QYL	YD13	116d
LQYCK6	P	QY	QYCK	CK	RS	LQYCK	CKL	QYL	YD13	116d
LQYCK7	P	QY	QYCK	CK	RS	LQYCK	CKL	QYL	YD13	116d
LQYCK8	P	QY	QYCK	CK	RS	LQYCK	CKL	QYL	YD13	116d
LQYNPK1	P	QY	QYNPK	NPK	RS	LQYNPK	NPKL	QYL	YD13	116d
LQYNPK2	P	QY	QYNPK	NPK	RS	LQYNPK	NPKL	QYL	YD13	116d
LQYNPK3	P	QY	QYNPK	NPK	RS	LQYNPK	NPKL	QYL	YD13	116d
LQYNPK4	P	QY	QYNPK	NPK	RS	LQYNPK	NPKL	QYL	YD13	116d
LQYNPK5	P	QY	QYNPK	NPK	RS	LQYNPK	NPKL	QYL	YD13	116d
LQYNPK6	P	QY	QYNPK	NPK	RS	LQYNPK	NPKL	QYL	YD13	116d
LQYNPK7	P	QY	QYNPK	NPK	RS	LQYNPK	NPKL	QYL	YD13	116d
LQYNPK8	P	QY	QYNPK	NPK	RS	LQYNPK	NPKL	QYL	YD13	116d
LQYNPKM1	P	QY	QYNPKM	NPKM	RS	LQYNPKM	NPKML	QYL	YD13	116d
LQYNPKM2	P	QY	QYNPKM	NPKM	RS	LQYNPKM	NPKML	QYL	YD13	116d
LQYNPKM3	P	QY	QYNPKM	NPKM	RS	LQYNPKM	NPKML	QYL	YD13	116d
LQYNPKM4	P	QY	QYNPKM	NPKM	RS	LQYNPKM	NPKML	QYL	YD13	116d
LQYNPKM5	P	QY	QYNPKM	NPKM	RS	LQYNPKM	NPKML	QYL	YD13	116d
LQYNPKM6	P	QY	QYNPKM	NPKM	RS	LQYNPKM	NPKML	QYL	YD13	116d
LQYNPKM7	P	QY	QYNPKM	NPKM	RS	LQYNPKM	NPKML	QYL	YD13	116d
LQYNPKM8	P	QY	QYNPKM	NPKM	RS	LQYNPKM	NPKML	QYL	YD13	116d
LQYNPKM9	P	QY	QYNPKM	NPKM	RS	LQYNPKM	NPKML	QYL	YD13	116d
LYCCK1	P	YC	YCCK	CK	FS	LYCCK	CKL	YCL	ZD958	68d
LYCCK2	P	YC	YCCK	CK	FS	LYCCK	CKL	YCL	ZD958	68d
LYCCK3	P	YC	YCCK	CK	FS	LYCCK	CKL	YCL	ZD958	68d
LYCCK4	P	YC	YCCK	CK	FS	LYCCK	CKL	YCL	ZD958	68d
LYCCK5	P	YC	YCCK	CK	FS	LYCCK	CKL	YCL	ZD958	68d
LYCCK6	P	YC	YCCK	CK	FS	LYCCK	CKL	YCL	ZD958	68d
LYCCK7	P	YC	YCCK	CK	FS	LYCCK	CKL	YCL	ZD958	68d
LYCCK8	P	YC	YCCK	CK	FS	LYCCK	CKL	YCL	ZD958	68d
LYCCK9	P	YC	YCCK	CK	FS	LYCCK	CKL	YCL	ZD958	68d
LYCNPK1	P	YC	YCNPK	NPK	FS	LYCNPK	NPKL	YCL	ZD958	68d
LYCNPK2	P	YC	YCNPK	NPK	FS	LYCNPK	NPKL	YCL	ZD958	68d
LYCNPK3	P	YC	YCNPK	NPK	FS	LYCNPK	NPKL	YCL	ZD958	68d
LYCNPK4	P	YC	YCNPK	NPK	FS	LYCNPK	NPKL	YCL	ZD958	68d
LYCNPK5	P	YC	YCNPK	NPK	FS	LYCNPK	NPKL	YCL	ZD958	68d
LYCNPK6	P	YC	YCNPK	NPK	FS	LYCNPK	NPKL	YCL	ZD958	68d
LYCNPK7	P	YC	YCNPK	NPK	FS	LYCNPK	NPKL	YCL	ZD958	68d
LYCNPK8	P	YC	YCNPK	NPK	FS	LYCNPK	NPKL	YCL	ZD958	68d
LYCNPK9	P	YC	YCNPK	NPK	FS	LYCNPK	NPKL	YCL	ZD958	68d
LYCNPKM1	P	YC	YCNPKM	NPKM	FS	LYCNPKM	NPKML	YCL	ZD958	68d
LYCNPKM3	P	YC	YCNPKM	NPKM	FS	LYCNPKM	NPKML	YCL	ZD958	68d
LYCNPKM4	P	YC	YCNPKM	NPKM	FS	LYCNPKM	NPKML	YCL	ZD958	68d
LYCNPKM5	P	YC	YCNPKM	NPKM	FS	LYCNPKM	NPKML	YCL	ZD958	68d
LYCNPKM6	P	YC	YCNPKM	NPKM	FS	LYCNPKM	NPKML	YCL	ZD958	68d
LYCNPKM7	P	YC	YCNPKM	NPKM	FS	LYCNPKM	NPKML	YCL	ZD958	68d
LYCNPKM8	P	YC	YCNPKM	NPKM	FS	LYCNPKM	NPKML	YCL	ZD958	68d
LYCNPKM9	P	YC	YCNPKM	NPKM	FS	LYCNPKM	NPKML	YCL	ZD958	68d
LYYCK1	P	YY	YYCK	CK	FS	LYYCK	CKL	YYL	JD20	66d
LYYCK2	P	YY	YYCK	CK	FS	LYYCK	CKL	YYL	JD20	66d
LYYCK3	P	YY	YYCK	CK	FS	LYYCK	CKL	YYL	JD20	66d
LYYCK4	P	YY	YYCK	CK	FS	LYYCK	CKL	YYL	JD20	66d
LYYCK5	P	YY	YYCK	CK	FS	LYYCK	CKL	YYL	JD20	66d
LYYCK6	P	YY	YYCK	CK	FS	LYYCK	CKL	YYL	JD20	66d
LYYCK7	P	YY	YYCK	CK	FS	LYYCK	CKL	YYL	JD20	66d
LYYCK8	P	YY	YYCK	CK	FS	LYYCK	CKL	YYL	JD20	66d
LYYCK9	P	YY	YYCK	CK	FS	LYYCK	CKL	YYL	JD20	66d
LYYNPK1	P	YY	YYNPK	NPK	FS	LYYNPK	NPKL	YYL	JD20	66d
LYYNPK3	P	YY	YYNPK	NPK	FS	LYYNPK	NPKL	YYL	JD20	66d
LYYNPK4	P	YY	YYNPK	NPK	FS	LYYNPK	NPKL	YYL	JD20	66d
LYYNPK5	P	YY	YYNPK	NPK	FS	LYYNPK	NPKL	YYL	JD20	66d
LYYNPK6	P	YY	YYNPK	NPK	FS	LYYNPK	NPKL	YYL	JD20	66d
LYYNPK7	P	YY	YYNPK	NPK	FS	LYYNPK	NPKL	YYL	JD20	66d
LYYNPK8	P	YY	YYNPK	NPK	FS	LYYNPK	NPKL	YYL	JD20	66d
LYYNPK9	P	YY	YYNPK	NPK	FS	LYYNPK	NPKL	YYL	JD20	66d
LYYNPKM1	P	YY	YYNPKM	NPKM	FS	LYYNPKM	NPKML	YYL	JD20	66d
LYYNPKM2	P	YY	YYNPKM	NPKM	FS	LYYNPKM	NPKML	YYL	JD20	66d
LYYNPKM3	P	YY	YYNPKM	NPKM	FS	LYYNPKM	NPKML	YYL	JD20	66d
LYYNPKM4	P	YY	YYNPKM	NPKM	FS	LYYNPKM	NPKML	YYL	JD20	66d
LYYNPKM5	P	YY	YYNPKM	NPKM	FS	LYYNPKM	NPKML	YYL	JD20	66d
LYYNPKM6	P	YY	YYNPKM	NPKM	FS	LYYNPKM	NPKML	YYL	JD20	66d
LYYNPKM7	P	YY	YYNPKM	NPKM	FS	LYYNPKM	NPKML	YYL	JD20	66d
LYYNPKM8	P	YY	YYNPKM	NPKM	FS	LYYNPKM	NPKML	YYL	JD20	66d
LYYNPKM9	P	YY	YYNPKM	NPKM	FS	LYYNPKM	NPKML	YYL	JD20	66d
LCCCK1	P	CC	CCCK	CK	BS	LCCCK	CKL	CCL	LY66	115d
LCCCK2	P	CC	CCCK	CK	BS	LCCCK	CKL	CCL	LY66	115d
LCCCK3	P	CC	CCCK	CK	BS	LCCCK	CKL	CCL	LY66	115d
LCCCK4	P	CC	CCCK	CK	BS	LCCCK	CKL	CCL	LY66	115d
LCCCK5	P	CC	CCCK	CK	BS	LCCCK	CKL	CCL	LY66	115d
LCCCK6	P	CC	CCCK	CK	BS	LCCCK	CKL	CCL	LY66	115d
LCCCK7	P	CC	CCCK	CK	BS	LCCCK	CKL	CCL	LY66	115d
LCCCK8	P	CC	CCCK	CK	BS	LCCCK	CKL	CCL	LY66	115d
LCCCK9	P	CC	CCCK	CK	BS	LCCCK	CKL	CCL	LY66	115d
LCCNPK1	P	CC	CCNPK	NPK	BS	LCCNPK	NPKL	CCL	LY66	115d
LCCNPK2	P	CC	CCNPK	NPK	BS	LCCNPK	NPKL	CCL	LY66	115d
LCCNPK3	P	CC	CCNPK	NPK	BS	LCCNPK	NPKL	CCL	LY66	115d
LCCNPK4	P	CC	CCNPK	NPK	BS	LCCNPK	NPKL	CCL	LY66	115d
LCCNPK5	P	CC	CCNPK	NPK	BS	LCCNPK	NPKL	CCL	LY66	115d
LCCNPK6	P	CC	CCNPK	NPK	BS	LCCNPK	NPKL	CCL	LY66	115d
LCCNPK7	P	CC	CCNPK	NPK	BS	LCCNPK	NPKL	CCL	LY66	115d
LCCNPK8	P	CC	CCNPK	NPK	BS	LCCNPK	NPKL	CCL	LY66	115d
LCCNPK9	P	CC	CCNPK	NPK	BS	LCCNPK	NPKL	CCL	LY66	115d
LCCNPKM1	P	CC	CCNPKM	NPKM	BS	LCCNPKM	NPKML	CCL	LY66	115d
LCCNPKM2	P	CC	CCNPKM	NPKM	BS	LCCNPKM	NPKML	CCL	LY66	115d
LCCNPKM3	P	CC	CCNPKM	NPKM	BS	LCCNPKM	NPKML	CCL	LY66	115d
LCCNPKM4	P	CC	CCNPKM	NPKM	BS	LCCNPKM	NPKML	CCL	LY66	115d
LCCNPKM5	P	CC	CCNPKM	NPKM	BS	LCCNPKM	NPKML	CCL	LY66	115d
LCCNPKM6	P	CC	CCNPKM	NPKM	BS	LCCNPKM	NPKML	CCL	LY66	115d
LCCNPKM7	P	CC	CCNPKM	NPKM	BS	LCCNPKM	NPKML	CCL	LY66	115d
LCCNPKM8	P	CC	CCNPKM	NPKM	BS	LCCNPKM	NPKML	CCL	LY66	115d
LCCNPKM9	P	CC	CCNPKM	NPKM	BS	LCCNPKM	NPKML	CCL	LY66	115d
LJX20CK1	P	JX20	JX20CK	CK	RS	LJX20CK	CKL	JX20L	YD13	77d
LJX20CK2	P	JX20	JX20CK	CK	RS	LJX20CK	CKL	JX20L	YD13	77d
LJX20CK3	P	JX20	JX20CK	CK	RS	LJX20CK	CKL	JX20L	YD13	77d
LJX20CK4	P	JX20	JX20CK	CK	RS	LJX20CK	CKL	JX20L	YD13	77d
LJX20CK6	P	JX20	JX20CK	CK	RS	LJX20CK	CKL	JX20L	YD13	77d
LJX20CK7	P	JX20	JX20CK	CK	RS	LJX20CK	CKL	JX20L	YD13	77d
LJX20CK8	P	JX20	JX20CK	CK	RS	LJX20CK	CKL	JX20L	YD13	77d
LJX20CK9	P	JX20	JX20CK	CK	RS	LJX20CK	CKL	JX20L	YD13	77d
LJX20NPK1	P	JX20	JX20NPK	NPK	RS	LJX20NPK	NPKL	JX20L	YD13	77d
LJX20NPK2	P	JX20	JX20NPK	NPK	RS	LJX20NPK	NPKL	JX20L	YD13	77d
LJX20NPK3	P	JX20	JX20NPK	NPK	RS	LJX20NPK	NPKL	JX20L	YD13	77d
LJX20NPK4	P	JX20	JX20NPK	NPK	RS	LJX20NPK	NPKL	JX20L	YD13	77d
LJX20NPK5	P	JX20	JX20NPK	NPK	RS	LJX20NPK	NPKL	JX20L	YD13	77d
LJX20NPK6	P	JX20	JX20NPK	NPK	RS	LJX20NPK	NPKL	JX20L	YD13	77d
LJX20NPK7	P	JX20	JX20NPK	NPK	RS	LJX20NPK	NPKL	JX20L	YD13	77d
LJX20NPK8	P	JX20	JX20NPK	NPK	RS	LJX20NPK	NPKL	JX20L	YD13	77d
LJX20NPK9	P	JX20	JX20NPK	NPK	RS	LJX20NPK	NPKL	JX20L	YD13	77d
LJX20NPKM1	P	JX20	JX20NPKM	NPKM	RS	LJX20NPKM	NPKML	JX20L	YD13	77d
LJX20NPKM2	P	JX20	JX20NPKM	NPKM	RS	LJX20NPKM	NPKML	JX20L	YD13	77d
LJX20NPKM3	P	JX20	JX20NPKM	NPKM	RS	LJX20NPKM	NPKML	JX20L	YD13	77d
LJX20NPKM4	P	JX20	JX20NPKM	NPKM	RS	LJX20NPKM	NPKML	JX20L	YD13	77d
LJX20NPKM5	P	JX20	JX20NPKM	NPKM	RS	LJX20NPKM	NPKML	JX20L	YD13	77d
LJX20NPKM6	P	JX20	JX20NPKM	NPKM	RS	LJX20NPKM	NPKML	JX20L	YD13	77d
LJX20NPKM7	P	JX20	JX20NPKM	NPKM	RS	LJX20NPKM	NPKML	JX20L	YD13	77d
LJX20NPKM8	P	JX20	JX20NPKM	NPKM	RS	LJX20NPKM	NPKML	JX20L	YD13	77d
LJX20NPKM9	P	JX20	JX20NPKM	NPKM	RS	LJX20NPKM	NPKML	JX20L	YD13	77d
LHL20CK1	P	HL20	HL20CK	CK	BS	LHL20CK	CKL	HL20L	KW6	102d
LHL20CK2	P	HL20	HL20CK	CK	BS	LHL20CK	CKL	HL20L	KW6	102d
LHL20CK3	P	HL20	HL20CK	CK	BS	LHL20CK	CKL	HL20L	KW6	102d
LHL20CK4	P	HL20	HL20CK	CK	BS	LHL20CK	CKL	HL20L	KW6	102d
LHL20CK5	P	HL20	HL20CK	CK	BS	LHL20CK	CKL	HL20L	KW6	102d
LHL20CK6	P	HL20	HL20CK	CK	BS	LHL20CK	CKL	HL20L	KW6	102d
LHL20CK7	P	HL20	HL20CK	CK	BS	LHL20CK	CKL	HL20L	KW6	102d
LHL20CK9	P	HL20	HL20CK	CK	BS	LHL20CK	CKL	HL20L	KW6	102d
LHL20NPK4	P	HL20	HL20NPK	NPK	BS	LHL20NPK	NPKL	HL20L	KW6	102d
LHL20NPK5	P	HL20	HL20NPK	NPK	BS	LHL20NPK	NPKL	HL20L	KW6	102d
LHL20NPK6	P	HL20	HL20NPK	NPK	BS	LHL20NPK	NPKL	HL20L	KW6	102d
LHL20NPK7	P	HL20	HL20NPK	NPK	BS	LHL20NPK	NPKL	HL20L	KW6	102d
LHL20NPK8	P	HL20	HL20NPK	NPK	BS	LHL20NPK	NPKL	HL20L	KW6	102d
LHL20NPK9	P	HL20	HL20NPK	NPK	BS	LHL20NPK	NPKL	HL20L	KW6	102d
LHL20NPKM1	P	HL20	HL20NPKM	NPKM	BS	LHL20NPKM	NPKML	HL20L	KW6	102d
LHL20NPKM2	P	HL20	HL20NPKM	NPKM	BS	LHL20NPKM	NPKML	HL20L	KW6	102d
LHL20NPKM3	P	HL20	HL20NPKM	NPKM	BS	LHL20NPKM	NPKML	HL20L	KW6	102d
LHL20NPKM4	P	HL20	HL20NPKM	NPKM	BS	LHL20NPKM	NPKML	HL20L	KW6	102d
LHL20NPKM5	P	HL20	HL20NPKM	NPKM	BS	LHL20NPKM	NPKML	HL20L	KW6	102d
LHL20NPKM6	P	HL20	HL20NPKM	NPKM	BS	LHL20NPKM	NPKML	HL20L	KW6	102d
LHL20NPKM7	P	HL20	HL20NPKM	NPKM	BS	LHL20NPKM	NPKML	HL20L	KW6	102d
LHL20NPKM8	P	HL20	HL20NPKM	NPKM	BS	LHL20NPKM	NPKML	HL20L	KW6	102d
LHL20NPKM9	P	HL20	HL20NPKM	NPKM	BS	LHL20NPKM	NPKML	HL20L	KW6	102d
REQYCK1	RE	QY	QYCK	CK	RS	REQYCK	CKRE	QYRE	YD13	116d
REQYCK2	RE	QY	QYCK	CK	RS	REQYCK	CKRE	QYRE	YD13	116d
REQYCK3	RE	QY	QYCK	CK	RS	REQYCK	CKRE	QYRE	YD13	116d
REQYCK4	RE	QY	QYCK	CK	RS	REQYCK	CKRE	QYRE	YD13	116d
REQYCK5	RE	QY	QYCK	CK	RS	REQYCK	CKRE	QYRE	YD13	116d
REQYCK6	RE	QY	QYCK	CK	RS	REQYCK	CKRE	QYRE	YD13	116d
REQYCK7	RE	QY	QYCK	CK	RS	REQYCK	CKRE	QYRE	YD13	116d
REQYCK8	RE	QY	QYCK	CK	RS	REQYCK	CKRE	QYRE	YD13	116d
REQYCK9	RE	QY	QYCK	CK	RS	REQYCK	CKRE	QYRE	YD13	116d
REQYNPK1	RE	QY	QYNPK	NPK	RS	REQYNPK	NPKRE	QYRE	YD13	116d
REQYNPK2	RE	QY	QYNPK	NPK	RS	REQYNPK	NPKRE	QYRE	YD13	116d
REQYNPK3	RE	QY	QYNPK	NPK	RS	REQYNPK	NPKRE	QYRE	YD13	116d
REQYNPK4	RE	QY	QYNPK	NPK	RS	REQYNPK	NPKRE	QYRE	YD13	116d
REQYNPK5	RE	QY	QYNPK	NPK	RS	REQYNPK	NPKRE	QYRE	YD13	116d
REQYNPK6	RE	QY	QYNPK	NPK	RS	REQYNPK	NPKRE	QYRE	YD13	116d
REQYNPK7	RE	QY	QYNPK	NPK	RS	REQYNPK	NPKRE	QYRE	YD13	116d
REQYNPK8	RE	QY	QYNPK	NPK	RS	REQYNPK	NPKRE	QYRE	YD13	116d
REQYNPK9	RE	QY	QYNPK	NPK	RS	REQYNPK	NPKRE	QYRE	YD13	116d
REQYNPKM1	RE	QY	QYNPKM	NPKM	RS	REQYNPKM	NPKMRE	QYRE	YD13	116d
REQYNPKM2	RE	QY	QYNPKM	NPKM	RS	REQYNPKM	NPKMRE	QYRE	YD13	116d
REQYNPKM3	RE	QY	QYNPKM	NPKM	RS	REQYNPKM	NPKMRE	QYRE	YD13	116d
REQYNPKM4	RE	QY	QYNPKM	NPKM	RS	REQYNPKM	NPKMRE	QYRE	YD13	116d
REQYNPKM5	RE	QY	QYNPKM	NPKM	RS	REQYNPKM	NPKMRE	QYRE	YD13	116d
REQYNPKM6	RE	QY	QYNPKM	NPKM	RS	REQYNPKM	NPKMRE	QYRE	YD13	116d
REQYNPKM7	RE	QY	QYNPKM	NPKM	RS	REQYNPKM	NPKMRE	QYRE	YD13	116d
REQYNPKM8	RE	QY	QYNPKM	NPKM	RS	REQYNPKM	NPKMRE	QYRE	YD13	116d
REQYNPKM9	RE	QY	QYNPKM	NPKM	RS	REQYNPKM	NPKMRE	QYRE	YD13	116d
REYCCK1	RE	YC	YCCK	CK	FS	REYCCK	CKRE	YCRE	ZD958	68d
REYCCK2	RE	YC	YCCK	CK	FS	REYCCK	CKRE	YCRE	ZD958	68d
REYCCK3	RE	YC	YCCK	CK	FS	REYCCK	CKRE	YCRE	ZD958	68d
REYCCK4	RE	YC	YCCK	CK	FS	REYCCK	CKRE	YCRE	ZD958	68d
REYCCK5	RE	YC	YCCK	CK	FS	REYCCK	CKRE	YCRE	ZD958	68d
REYCCK6	RE	YC	YCCK	CK	FS	REYCCK	CKRE	YCRE	ZD958	68d
REYCCK7	RE	YC	YCCK	CK	FS	REYCCK	CKRE	YCRE	ZD958	68d
REYCCK8	RE	YC	YCCK	CK	FS	REYCCK	CKRE	YCRE	ZD958	68d
REYCCK9	RE	YC	YCCK	CK	FS	REYCCK	CKRE	YCRE	ZD958	68d
REYCNPK1	RE	YC	YCNPK	NPK	FS	REYCNPK	NPKRE	YCRE	ZD958	68d
REYCNPK2	RE	YC	YCNPK	NPK	FS	REYCNPK	NPKRE	YCRE	ZD958	68d
REYCNPK3	RE	YC	YCNPK	NPK	FS	REYCNPK	NPKRE	YCRE	ZD958	68d
REYCNPK4	RE	YC	YCNPK	NPK	FS	REYCNPK	NPKRE	YCRE	ZD958	68d
REYCNPK5	RE	YC	YCNPK	NPK	FS	REYCNPK	NPKRE	YCRE	ZD958	68d
REYCNPK6	RE	YC	YCNPK	NPK	FS	REYCNPK	NPKRE	YCRE	ZD958	68d
REYCNPK7	RE	YC	YCNPK	NPK	FS	REYCNPK	NPKRE	YCRE	ZD958	68d
REYCNPK8	RE	YC	YCNPK	NPK	FS	REYCNPK	NPKRE	YCRE	ZD958	68d
REYCNPK9	RE	YC	YCNPK	NPK	FS	REYCNPK	NPKRE	YCRE	ZD958	68d
REYCNPKM1	RE	YC	YCNPKM	NPKM	FS	REYCNPKM	NPKMRE	YCRE	ZD958	68d
REYCNPKM2	RE	YC	YCNPKM	NPKM	FS	REYCNPKM	NPKMRE	YCRE	ZD958	68d
REYCNPKM3	RE	YC	YCNPKM	NPKM	FS	REYCNPKM	NPKMRE	YCRE	ZD958	68d
REYCNPKM4	RE	YC	YCNPKM	NPKM	FS	REYCNPKM	NPKMRE	YCRE	ZD958	68d
REYCNPKM5	RE	YC	YCNPKM	NPKM	FS	REYCNPKM	NPKMRE	YCRE	ZD958	68d
REYCNPKM6	RE	YC	YCNPKM	NPKM	FS	REYCNPKM	NPKMRE	YCRE	ZD958	68d
REYCNPKM7	RE	YC	YCNPKM	NPKM	FS	REYCNPKM	NPKMRE	YCRE	ZD958	68d
REYCNPKM8	RE	YC	YCNPKM	NPKM	FS	REYCNPKM	NPKMRE	YCRE	ZD958	68d
REYCNPKM9	RE	YC	YCNPKM	NPKM	FS	REYCNPKM	NPKMRE	YCRE	ZD958	68d
REYYCK1	RE	YY	YYCK	CK	FS	REYYCK	CKRE	YYRE	JD20	66d
REYYCK2	RE	YY	YYCK	CK	FS	REYYCK	CKRE	YYRE	JD20	66d
REYYCK3	RE	YY	YYCK	CK	FS	REYYCK	CKRE	YYRE	JD20	66d
REYYCK4	RE	YY	YYCK	CK	FS	REYYCK	CKRE	YYRE	JD20	66d
REYYCK5	RE	YY	YYCK	CK	FS	REYYCK	CKRE	YYRE	JD20	66d
REYYCK6	RE	YY	YYCK	CK	FS	REYYCK	CKRE	YYRE	JD20	66d
REYYCK7	RE	YY	YYCK	CK	FS	REYYCK	CKRE	YYRE	JD20	66d
REYYCK8	RE	YY	YYCK	CK	FS	REYYCK	CKRE	YYRE	JD20	66d
REYYCK9	RE	YY	YYCK	CK	FS	REYYCK	CKRE	YYRE	JD20	66d
REYYNPK1	RE	YY	YYNPK	NPK	FS	REYYNPK	NPKRE	YYRE	JD20	66d
REYYNPK2	RE	YY	YYNPK	NPK	FS	REYYNPK	NPKRE	YYRE	JD20	66d
REYYNPK3	RE	YY	YYNPK	NPK	FS	REYYNPK	NPKRE	YYRE	JD20	66d
REYYNPK4	RE	YY	YYNPK	NPK	FS	REYYNPK	NPKRE	YYRE	JD20	66d
REYYNPK5	RE	YY	YYNPK	NPK	FS	REYYNPK	NPKRE	YYRE	JD20	66d
REYYNPK6	RE	YY	YYNPK	NPK	FS	REYYNPK	NPKRE	YYRE	JD20	66d
REYYNPK7	RE	YY	YYNPK	NPK	FS	REYYNPK	NPKRE	YYRE	JD20	66d
REYYNPK8	RE	YY	YYNPK	NPK	FS	REYYNPK	NPKRE	YYRE	JD20	66d
REYYNPK9	RE	YY	YYNPK	NPK	FS	REYYNPK	NPKRE	YYRE	JD20	66d
REYYNPKM1	RE	YY	YYNPKM	NPKM	FS	REYYNPKM	NPKMRE	YYRE	JD20	66d
REYYNPKM2	RE	YY	YYNPKM	NPKM	FS	REYYNPKM	NPKMRE	YYRE	JD20	66d
REYYNPKM3	RE	YY	YYNPKM	NPKM	FS	REYYNPKM	NPKMRE	YYRE	JD20	66d
REYYNPKM4	RE	YY	YYNPKM	NPKM	FS	REYYNPKM	NPKMRE	YYRE	JD20	66d
REYYNPKM5	RE	YY	YYNPKM	NPKM	FS	REYYNPKM	NPKMRE	YYRE	JD20	66d
REYYNPKM6	RE	YY	YYNPKM	NPKM	FS	REYYNPKM	NPKMRE	YYRE	JD20	66d
REYYNPKM7	RE	YY	YYNPKM	NPKM	FS	REYYNPKM	NPKMRE	YYRE	JD20	66d
REYYNPKM8	RE	YY	YYNPKM	NPKM	FS	REYYNPKM	NPKMRE	YYRE	JD20	66d
REYYNPKM9	RE	YY	YYNPKM	NPKM	FS	REYYNPKM	NPKMRE	YYRE	JD20	66d
RECCSCK1	RE	CC	CCSCK	CK	BS	RECCSCK	CKRE	CCRE	LY66	115d
RECCSCK2	RE	CC	CCSCK	CK	BS	RECCSCK	CKRE	CCRE	LY66	115d
RECCSCK3	RE	CC	CCSCK	CK	BS	RECCSCK	CKRE	CCRE	LY66	115d
RECCSNPK1	RE	CC	CCSNPK	NPK	BS	RECCSNPK	NPKRE	CCRE	LY66	115d
RECCSNPK2	RE	CC	CCSNPK	NPK	BS	RECCSNPK	NPKRE	CCRE	LY66	115d
RECCSNPK3	RE	CC	CCSNPK	NPK	BS	RECCSNPK	NPKRE	CCRE	LY66	115d
RECCSNPKM1	RE	CC	CCSNPKM	NPKM	BS	RECCSNPKM	NPKMRE	CCRE	LY66	115d
RECCSNPKM2	RE	CC	CCSNPKM	NPKM	BS	RECCSNPKM	NPKMRE	CCRE	LY66	115d
RECCSNPKM3	RE	CC	CCSNPKM	NPKM	BS	RECCSNPKM	NPKMRE	CCRE	LY66	115d
RECCLCK1	RE	CC	CCLCK	CK	BS	RECCLCK	CKRE	CCRE	LY66	115d
RECCLCK2	RE	CC	CCLCK	CK	BS	RECCLCK	CKRE	CCRE	LY66	115d
RECCLCK3	RE	CC	CCLCK	CK	BS	RECCLCK	CKRE	CCRE	LY66	115d
RECCLNPK1	RE	CC	CCLNPK	NPK	BS	RECCLNPK	NPKRE	CCRE	LY66	115d
RECCLNPK2	RE	CC	CCLNPK	NPK	BS	RECCLNPK	NPKRE	CCRE	LY66	115d
RECCLNPK3	RE	CC	CCLNPK	NPK	BS	RECCLNPK	NPKRE	CCRE	LY66	115d
RECCLNPKM1	RE	CC	CCLNPKM	NPKM	BS	RECCLNPKM	NPKMRE	CCRE	LY66	115d
RECCLNPKM2	RE	CC	CCLNPKM	NPKM	BS	RECCLNPKM	NPKMRE	CCRE	LY66	115d
RECCLNPKM3	RE	CC	CCLNPKM	NPKM	BS	RECCLNPKM	NPKMRE	CCRE	LY66	115d
REJX20CK1	RE	JX20	JX20CK	CK	RS	REJX20CK	CKRE	JX20RE	YD13	77d
REJX20CK2	RE	JX20	JX20CK	CK	RS	REJX20CK	CKRE	JX20RE	YD13	77d
REJX20CK3	RE	JX20	JX20CK	CK	RS	REJX20CK	CKRE	JX20RE	YD13	77d
REJX20CK4	RE	JX20	JX20CK	CK	RS	REJX20CK	CKRE	JX20RE	YD13	77d
REJX20CK5	RE	JX20	JX20CK	CK	RS	REJX20CK	CKRE	JX20RE	YD13	77d
REJX20CK6	RE	JX20	JX20CK	CK	RS	REJX20CK	CKRE	JX20RE	YD13	77d
REJX20CK7	RE	JX20	JX20CK	CK	RS	REJX20CK	CKRE	JX20RE	YD13	77d
REJX20CK8	RE	JX20	JX20CK	CK	RS	REJX20CK	CKRE	JX20RE	YD13	77d
REJX20CK9	RE	JX20	JX20CK	CK	RS	REJX20CK	CKRE	JX20RE	YD13	77d
REJX20NPK1	RE	JX20	JX20NPK	NPK	RS	REJX20NPK	NPKRE	JX20RE	YD13	77d
REJX20NPK2	RE	JX20	JX20NPK	NPK	RS	REJX20NPK	NPKRE	JX20RE	YD13	77d
REJX20NPK3	RE	JX20	JX20NPK	NPK	RS	REJX20NPK	NPKRE	JX20RE	YD13	77d
REJX20NPK4	RE	JX20	JX20NPK	NPK	RS	REJX20NPK	NPKRE	JX20RE	YD13	77d
REJX20NPK5	RE	JX20	JX20NPK	NPK	RS	REJX20NPK	NPKRE	JX20RE	YD13	77d
REJX20NPK6	RE	JX20	JX20NPK	NPK	RS	REJX20NPK	NPKRE	JX20RE	YD13	77d
REJX20NPK7	RE	JX20	JX20NPK	NPK	RS	REJX20NPK	NPKRE	JX20RE	YD13	77d
REJX20NPK8	RE	JX20	JX20NPK	NPK	RS	REJX20NPK	NPKRE	JX20RE	YD13	77d
REJX20NPK9	RE	JX20	JX20NPK	NPK	RS	REJX20NPK	NPKRE	JX20RE	YD13	77d
REJX20NPKM1	RE	JX20	JX20NPKM	NPKM	RS	REJX20NPKM	NPKMRE	JX20RE	YD13	77d
REJX20NPKM2	RE	JX20	JX20NPKM	NPKM	RS	REJX20NPKM	NPKMRE	JX20RE	YD13	77d
REJX20NPKM3	RE	JX20	JX20NPKM	NPKM	RS	REJX20NPKM	NPKMRE	JX20RE	YD13	77d
REJX20NPKM4	RE	JX20	JX20NPKM	NPKM	RS	REJX20NPKM	NPKMRE	JX20RE	YD13	77d
REJX20NPKM5	RE	JX20	JX20NPKM	NPKM	RS	REJX20NPKM	NPKMRE	JX20RE	YD13	77d
REJX20NPKM6	RE	JX20	JX20NPKM	NPKM	RS	REJX20NPKM	NPKMRE	JX20RE	YD13	77d
REJX20NPKM8	RE	JX20	JX20NPKM	NPKM	RS	REJX20NPKM	NPKMRE	JX20RE	YD13	77d
REJX20NPKM9	RE	JX20	JX20NPKM	NPKM	RS	REJX20NPKM	NPKMRE	JX20RE	YD13	77d
REHL20SCK1	RE	HL20	HL20SCK	CK	BS	REHL20SCK	CKRE	HL20RE	KW6	102d
REHL20SCK2	RE	HL20	HL20SCK	CK	BS	REHL20SCK	CKRE	HL20RE	KW6	102d
REHL20SCK3	RE	HL20	HL20SCK	CK	BS	REHL20SCK	CKRE	HL20RE	KW6	102d
REHL20SNPK1	RE	HL20	HL20SNPK	NPK	BS	REHL20SNPK	NPKRE	HL20RE	KW6	102d
REHL20SNPK2	RE	HL20	HL20SNPK	NPK	BS	REHL20SNPK	NPKRE	HL20RE	KW6	102d
REHL20SNPK3	RE	HL20	HL20SNPK	NPK	BS	REHL20SNPK	NPKRE	HL20RE	KW6	102d
REHL20SNPKM1	RE	HL20	HL20SNPKM	NPKM	BS	REHL20SNPKM	NPKMRE	HL20RE	KW6	102d
REHL20SNPKM2	RE	HL20	HL20SNPKM	NPKM	BS	REHL20SNPKM	NPKMRE	HL20RE	KW6	102d
REHL20SNPKM3	RE	HL20	HL20SNPKM	NPKM	BS	REHL20SNPKM	NPKMRE	HL20RE	KW6	102d
REHL20LNPK1	RE	HL20	HL20LNPK	NPK	BS	REHL20LNPK	NPKRE	HL20RE	KW6	102d
REHL20LNPK2	RE	HL20	HL20LNPK	NPK	BS	REHL20LNPK	NPKRE	HL20RE	KW6	102d
REHL20LNPKM1	RE	HL20	HL20LNPKM	NPKM	BS	REHL20LNPKM	NPKMRE	HL20RE	KW6	102d
REHL20LNPKM2	RE	HL20	HL20LNPKM	NPKM	BS	REHL20LNPKM	NPKMRE	HL20RE	KW6	102d
RQYCK1	RS	QY	QYCK	CK	RS	RQYCK	CKR	QYR	YD13	116d
RQYCK2	RS	QY	QYCK	CK	RS	RQYCK	CKR	QYR	YD13	116d
RQYCK3	RS	QY	QYCK	CK	RS	RQYCK	CKR	QYR	YD13	116d
RQYCK4	RS	QY	QYCK	CK	RS	RQYCK	CKR	QYR	YD13	116d
RQYCK5	RS	QY	QYCK	CK	RS	RQYCK	CKR	QYR	YD13	116d
RQYCK6	RS	QY	QYCK	CK	RS	RQYCK	CKR	QYR	YD13	116d
RQYCK7	RS	QY	QYCK	CK	RS	RQYCK	CKR	QYR	YD13	116d
RQYCK8	RS	QY	QYCK	CK	RS	RQYCK	CKR	QYR	YD13	116d
RQYCK9	RS	QY	QYCK	CK	RS	RQYCK	CKR	QYR	YD13	116d
RQYNPK1	RS	QY	QYNPK	NPK	RS	RQYNPK	NPKR	QYR	YD13	116d
RQYNPK2	RS	QY	QYNPK	NPK	RS	RQYNPK	NPKR	QYR	YD13	116d
RQYNPK3	RS	QY	QYNPK	NPK	RS	RQYNPK	NPKR	QYR	YD13	116d
RQYNPK4	RS	QY	QYNPK	NPK	RS	RQYNPK	NPKR	QYR	YD13	116d
RQYNPK5	RS	QY	QYNPK	NPK	RS	RQYNPK	NPKR	QYR	YD13	116d
RQYNPK6	RS	QY	QYNPK	NPK	RS	RQYNPK	NPKR	QYR	YD13	116d
RQYNPK7	RS	QY	QYNPK	NPK	RS	RQYNPK	NPKR	QYR	YD13	116d
RQYNPK8	RS	QY	QYNPK	NPK	RS	RQYNPK	NPKR	QYR	YD13	116d
RQYNPK9	RS	QY	QYNPK	NPK	RS	RQYNPK	NPKR	QYR	YD13	116d
RQYNPKM1	RS	QY	QYNPKM	NPKM	RS	RQYNPKM	NPKMR	QYR	YD13	116d
RQYNPKM2	RS	QY	QYNPKM	NPKM	RS	RQYNPKM	NPKMR	QYR	YD13	116d
RQYNPKM3	RS	QY	QYNPKM	NPKM	RS	RQYNPKM	NPKMR	QYR	YD13	116d
RQYNPKM4	RS	QY	QYNPKM	NPKM	RS	RQYNPKM	NPKMR	QYR	YD13	116d
RQYNPKM5	RS	QY	QYNPKM	NPKM	RS	RQYNPKM	NPKMR	QYR	YD13	116d
RQYNPKM6	RS	QY	QYNPKM	NPKM	RS	RQYNPKM	NPKMR	QYR	YD13	116d
RQYNPKM7	RS	QY	QYNPKM	NPKM	RS	RQYNPKM	NPKMR	QYR	YD13	116d
RQYNPKM8	RS	QY	QYNPKM	NPKM	RS	RQYNPKM	NPKMR	QYR	YD13	116d
RQYNPKM9	RS	QY	QYNPKM	NPKM	RS	RQYNPKM	NPKMR	QYR	YD13	116d
RYCCK1	RS	YC	YCCK	CK	FS	RYCCK	CKR	YCR	ZD958	68d
RYCCK2	RS	YC	YCCK	CK	FS	RYCCK	CKR	YCR	ZD958	68d
RYCCK3	RS	YC	YCCK	CK	FS	RYCCK	CKR	YCR	ZD958	68d
RYCCK4	RS	YC	YCCK	CK	FS	RYCCK	CKR	YCR	ZD958	68d
RYCCK5	RS	YC	YCCK	CK	FS	RYCCK	CKR	YCR	ZD958	68d
RYCCK6	RS	YC	YCCK	CK	FS	RYCCK	CKR	YCR	ZD958	68d
RYCCK7	RS	YC	YCCK	CK	FS	RYCCK	CKR	YCR	ZD958	68d
RYCCK8	RS	YC	YCCK	CK	FS	RYCCK	CKR	YCR	ZD958	68d
RYCCK9	RS	YC	YCCK	CK	FS	RYCCK	CKR	YCR	ZD958	68d
RYCNPK1	RS	YC	YCNPK	NPK	FS	RYCNPK	NPKR	YCR	ZD958	68d
RYCNPK2	RS	YC	YCNPK	NPK	FS	RYCNPK	NPKR	YCR	ZD958	68d
RYCNPK3	RS	YC	YCNPK	NPK	FS	RYCNPK	NPKR	YCR	ZD958	68d
RYCNPK4	RS	YC	YCNPK	NPK	FS	RYCNPK	NPKR	YCR	ZD958	68d
RYCNPK5	RS	YC	YCNPK	NPK	FS	RYCNPK	NPKR	YCR	ZD958	68d
RYCNPK6	RS	YC	YCNPK	NPK	FS	RYCNPK	NPKR	YCR	ZD958	68d
RYCNPK7	RS	YC	YCNPK	NPK	FS	RYCNPK	NPKR	YCR	ZD958	68d
RYCNPK8	RS	YC	YCNPK	NPK	FS	RYCNPK	NPKR	YCR	ZD958	68d
RYCNPK9	RS	YC	YCNPK	NPK	FS	RYCNPK	NPKR	YCR	ZD958	68d
RYCNPKM1	RS	YC	YCNPKM	NPKM	FS	RYCNPKM	NPKMR	YCR	ZD958	68d
RYCNPKM2	RS	YC	YCNPKM	NPKM	FS	RYCNPKM	NPKMR	YCR	ZD958	68d
RYCNPKM3	RS	YC	YCNPKM	NPKM	FS	RYCNPKM	NPKMR	YCR	ZD958	68d
RYCNPKM4	RS	YC	YCNPKM	NPKM	FS	RYCNPKM	NPKMR	YCR	ZD958	68d
RYCNPKM5	RS	YC	YCNPKM	NPKM	FS	RYCNPKM	NPKMR	YCR	ZD958	68d
RYCNPKM6	RS	YC	YCNPKM	NPKM	FS	RYCNPKM	NPKMR	YCR	ZD958	68d
RYCNPKM7	RS	YC	YCNPKM	NPKM	FS	RYCNPKM	NPKMR	YCR	ZD958	68d
RYCNPKM8	RS	YC	YCNPKM	NPKM	FS	RYCNPKM	NPKMR	YCR	ZD958	68d
RYCNPKM9	RS	YC	YCNPKM	NPKM	FS	RYCNPKM	NPKMR	YCR	ZD958	68d
RYYCK2	RS	YY	YYCK	CK	FS	RYYCK	CKR	YYR	JD20	66d
RYYCK3	RS	YY	YYCK	CK	FS	RYYCK	CKR	YYR	JD20	66d
RYYCK4	RS	YY	YYCK	CK	FS	RYYCK	CKR	YYR	JD20	66d
RYYCK5	RS	YY	YYCK	CK	FS	RYYCK	CKR	YYR	JD20	66d
RYYCK6	RS	YY	YYCK	CK	FS	RYYCK	CKR	YYR	JD20	66d
RYYCK7	RS	YY	YYCK	CK	FS	RYYCK	CKR	YYR	JD20	66d
RYYCK8	RS	YY	YYCK	CK	FS	RYYCK	CKR	YYR	JD20	66d
RYYCK9	RS	YY	YYCK	CK	FS	RYYCK	CKR	YYR	JD20	66d
RYYNPK1	RS	YY	YYNPK	NPK	FS	RYYNPK	NPKR	YYR	JD20	66d
RYYNPK2	RS	YY	YYNPK	NPK	FS	RYYNPK	NPKR	YYR	JD20	66d
RYYNPK3	RS	YY	YYNPK	NPK	FS	RYYNPK	NPKR	YYR	JD20	66d
RYYNPK4	RS	YY	YYNPK	NPK	FS	RYYNPK	NPKR	YYR	JD20	66d
RYYNPK5	RS	YY	YYNPK	NPK	FS	RYYNPK	NPKR	YYR	JD20	66d
RYYNPK6	RS	YY	YYNPK	NPK	FS	RYYNPK	NPKR	YYR	JD20	66d
RYYNPK7	RS	YY	YYNPK	NPK	FS	RYYNPK	NPKR	YYR	JD20	66d
RYYNPK8	RS	YY	YYNPK	NPK	FS	RYYNPK	NPKR	YYR	JD20	66d
RYYNPK9	RS	YY	YYNPK	NPK	FS	RYYNPK	NPKR	YYR	JD20	66d
RYYNPKM1	RS	YY	YYNPKM	NPKM	FS	RYYNPKM	NPKMR	YYR	JD20	66d
RYYNPKM2	RS	YY	YYNPKM	NPKM	FS	RYYNPKM	NPKMR	YYR	JD20	66d
RYYNPKM3	RS	YY	YYNPKM	NPKM	FS	RYYNPKM	NPKMR	YYR	JD20	66d
RYYNPKM4	RS	YY	YYNPKM	NPKM	FS	RYYNPKM	NPKMR	YYR	JD20	66d
RYYNPKM5	RS	YY	YYNPKM	NPKM	FS	RYYNPKM	NPKMR	YYR	JD20	66d
RYYNPKM6	RS	YY	YYNPKM	NPKM	FS	RYYNPKM	NPKMR	YYR	JD20	66d
RYYNPKM7	RS	YY	YYNPKM	NPKM	FS	RYYNPKM	NPKMR	YYR	JD20	66d
RYYNPKM8	RS	YY	YYNPKM	NPKM	FS	RYYNPKM	NPKMR	YYR	JD20	66d
RYYNPKM9	RS	YY	YYNPKM	NPKM	FS	RYYNPKM	NPKMR	YYR	JD20	66d
RCCSCK1	RS	CC	CCSCK	CK	BS	RCCSCK	CKR	CCR	LY66	115d
RCCSCK2	RS	CC	CCSCK	CK	BS	RCCSCK	CKR	CCR	LY66	115d
RCCSCK3	RS	CC	CCSCK	CK	BS	RCCSCK	CKR	CCR	LY66	115d
RCCSNPK1	RS	CC	CCSNPK	NPK	BS	RCCSNPK	NPKR	CCR	LY66	115d
RCCSNPK2	RS	CC	CCSNPK	NPK	BS	RCCSNPK	NPKR	CCR	LY66	115d
RCCSNPK3	RS	CC	CCSNPK	NPK	BS	RCCSNPK	NPKR	CCR	LY66	115d
RCCSNPKM1	RS	CC	CCSNPKM	NPKM	BS	RCCSNPKM	NPKMR	CCR	LY66	115d
RCCSNPKM2	RS	CC	CCSNPKM	NPKM	BS	RCCSNPKM	NPKMR	CCR	LY66	115d
RCCSNPKM3	RS	CC	CCSNPKM	NPKM	BS	RCCSNPKM	NPKMR	CCR	LY66	115d
RCCLCK1	RS	CC	CCLCK	CK	BS	RCCLCK	CKR	CCR	LY66	115d
RCCLCK2	RS	CC	CCLCK	CK	BS	RCCLCK	CKR	CCR	LY66	115d
RCCLCK3	RS	CC	CCLCK	CK	BS	RCCLCK	CKR	CCR	LY66	115d
RCCLNPK1	RS	CC	CCLNPK	NPK	BS	RCCLNPK	NPKR	CCR	LY66	115d
RCCLNPK2	RS	CC	CCLNPK	NPK	BS	RCCLNPK	NPKR	CCR	LY66	115d
RCCLNPK3	RS	CC	CCLNPK	NPK	BS	RCCLNPK	NPKR	CCR	LY66	115d
RCCLNPKM1	RS	CC	CCLNPKM	NPKM	BS	RCCLNPKM	NPKMR	CCR	LY66	115d
RCCLNPKM2	RS	CC	CCLNPKM	NPKM	BS	RCCLNPKM	NPKMR	CCR	LY66	115d
RCCLNPKM3	RS	CC	CCLNPKM	NPKM	BS	RCCLNPKM	NPKMR	CCR	LY66	115d
RJX20CK1	RS	JX20	JX20CK	CK	RS	RJX20CK	CKR	JX20R	YD13	77d
RJX20CK2	RS	JX20	JX20CK	CK	RS	RJX20CK	CKR	JX20R	YD13	77d
RJX20CK3	RS	JX20	JX20CK	CK	RS	RJX20CK	CKR	JX20R	YD13	77d
RJX20CK4	RS	JX20	JX20CK	CK	RS	RJX20CK	CKR	JX20R	YD13	77d
RJX20CK5	RS	JX20	JX20CK	CK	RS	RJX20CK	CKR	JX20R	YD13	77d
RJX20CK6	RS	JX20	JX20CK	CK	RS	RJX20CK	CKR	JX20R	YD13	77d
RJX20CK7	RS	JX20	JX20CK	CK	RS	RJX20CK	CKR	JX20R	YD13	77d
RJX20CK8	RS	JX20	JX20CK	CK	RS	RJX20CK	CKR	JX20R	YD13	77d
RJX20CK9	RS	JX20	JX20CK	CK	RS	RJX20CK	CKR	JX20R	YD13	77d
RJX20NPK1	RS	JX20	JX20NPK	NPK	RS	RJX20NPK	NPKR	JX20R	YD13	77d
RJX20NPK2	RS	JX20	JX20NPK	NPK	RS	RJX20NPK	NPKR	JX20R	YD13	77d
RJX20NPK3	RS	JX20	JX20NPK	NPK	RS	RJX20NPK	NPKR	JX20R	YD13	77d
RJX20NPK4	RS	JX20	JX20NPK	NPK	RS	RJX20NPK	NPKR	JX20R	YD13	77d
RJX20NPK5	RS	JX20	JX20NPK	NPK	RS	RJX20NPK	NPKR	JX20R	YD13	77d
RJX20NPK6	RS	JX20	JX20NPK	NPK	RS	RJX20NPK	NPKR	JX20R	YD13	77d
RJX20NPK7	RS	JX20	JX20NPK	NPK	RS	RJX20NPK	NPKR	JX20R	YD13	77d
RJX20NPK8	RS	JX20	JX20NPK	NPK	RS	RJX20NPK	NPKR	JX20R	YD13	77d
RJX20NPK9	RS	JX20	JX20NPK	NPK	RS	RJX20NPK	NPKR	JX20R	YD13	77d
RJX20NPKM1	RS	JX20	JX20NPKM	NPKM	RS	RJX20NPKM	NPKMR	JX20R	YD13	77d
RJX20NPKM2	RS	JX20	JX20NPKM	NPKM	RS	RJX20NPKM	NPKMR	JX20R	YD13	77d
RJX20NPKM3	RS	JX20	JX20NPKM	NPKM	RS	RJX20NPKM	NPKMR	JX20R	YD13	77d
RJX20NPKM4	RS	JX20	JX20NPKM	NPKM	RS	RJX20NPKM	NPKMR	JX20R	YD13	77d
RJX20NPKM5	RS	JX20	JX20NPKM	NPKM	RS	RJX20NPKM	NPKMR	JX20R	YD13	77d
RJX20NPKM8	RS	JX20	JX20NPKM	NPKM	RS	RJX20NPKM	NPKMR	JX20R	YD13	77d
RJX20NPKM9	RS	JX20	JX20NPKM	NPKM	RS	RJX20NPKM	NPKMR	JX20R	YD13	77d
RHL20SCK1	RS	HL20	HL20SCK	CK	BS	RHL20SCK	CKR	HL20R	KW6	102d
RHL20SCK2	RS	HL20	HL20SCK	CK	BS	RHL20SCK	CKR	HL20R	KW6	102d
RHL20SCK3	RS	HL20	HL20SCK	CK	BS	RHL20SCK	CKR	HL20R	KW6	102d
RHL20SNPK1	RS	HL20	HL20SNPK	NPK	BS	RHL20SNPK	NPKR	HL20R	KW6	102d
RHL20SNPK2	RS	HL20	HL20SNPK	NPK	BS	RHL20SNPK	NPKR	HL20R	KW6	102d
RHL20SNPK3	RS	HL20	HL20SNPK	NPK	BS	RHL20SNPK	NPKR	HL20R	KW6	102d
RHL20SNPKM1	RS	HL20	HL20SNPKM	NPKM	BS	RHL20SNPKM	NPKMR	HL20R	KW6	102d
RHL20SNPKM2	RS	HL20	HL20SNPKM	NPKM	BS	RHL20SNPKM	NPKMR	HL20R	KW6	102d
RHL20SNPKM3	RS	HL20	HL20SNPKM	NPKM	BS	RHL20SNPKM	NPKMR	HL20R	KW6	102d
RHL20LCK1	RS	HL20	HL20LCK	CK	BS	RHL20LCK	CKR	HL20R	KW6	102d
RHL20LCK2	RS	HL20	HL20LCK	CK	BS	RHL20LCK	CKR	HL20R	KW6	102d
RHL20LCK3	RS	HL20	HL20LCK	CK	BS	RHL20LCK	CKR	HL20R	KW6	102d
RHL20LNPK1	RS	HL20	HL20LNPK	NPK	BS	RHL20LNPK	NPKR	HL20R	KW6	102d
RHL20LNPK2	RS	HL20	HL20LNPK	NPK	BS	RHL20LNPK	NPKR	HL20R	KW6	102d
RHL20LNPK3	RS	HL20	HL20LNPK	NPK	BS	RHL20LNPK	NPKR	HL20R	KW6	102d
RHL20LNPKM1	RS	HL20	HL20LNPKM	NPKM	BS	RHL20LNPKM	NPKMR	HL20R	KW6	102d
RHL20LNPKM2	RS	HL20	HL20LNPKM	NPKM	BS	RHL20LNPKM	NPKMR	HL20R	KW6	102d
RHL20LNPKM3	RS	HL20	HL20LNPKM	NPKM	BS	RHL20LNPKM	NPKMR	HL20R	KW6	102d
SEQYCK1	SE	QY	QYCK	CK	RS	SEQYCK	CKSE	QYSE	YD13	116d
SEQYCK2	SE	QY	QYCK	CK	RS	SEQYCK	CKSE	QYSE	YD13	116d
SEQYCK3	SE	QY	QYCK	CK	RS	SEQYCK	CKSE	QYSE	YD13	116d
SEQYCK4	SE	QY	QYCK	CK	RS	SEQYCK	CKSE	QYSE	YD13	116d
SEQYCK5	SE	QY	QYCK	CK	RS	SEQYCK	CKSE	QYSE	YD13	116d
SEQYCK6	SE	QY	QYCK	CK	RS	SEQYCK	CKSE	QYSE	YD13	116d
SEQYCK7	SE	QY	QYCK	CK	RS	SEQYCK	CKSE	QYSE	YD13	116d
SEQYCK9	SE	QY	QYCK	CK	RS	SEQYCK	CKSE	QYSE	YD13	116d
SEQYNPK1	SE	QY	QYNPK	NPK	RS	SEQYNPK	NPKSE	QYSE	YD13	116d
SEQYNPK2	SE	QY	QYNPK	NPK	RS	SEQYNPK	NPKSE	QYSE	YD13	116d
SEQYNPK3	SE	QY	QYNPK	NPK	RS	SEQYNPK	NPKSE	QYSE	YD13	116d
SEQYNPK4	SE	QY	QYNPK	NPK	RS	SEQYNPK	NPKSE	QYSE	YD13	116d
SEQYNPK5	SE	QY	QYNPK	NPK	RS	SEQYNPK	NPKSE	QYSE	YD13	116d
SEQYNPK6	SE	QY	QYNPK	NPK	RS	SEQYNPK	NPKSE	QYSE	YD13	116d
SEQYNPK7	SE	QY	QYNPK	NPK	RS	SEQYNPK	NPKSE	QYSE	YD13	116d
SEQYNPK8	SE	QY	QYNPK	NPK	RS	SEQYNPK	NPKSE	QYSE	YD13	116d
SEQYNPK9	SE	QY	QYNPK	NPK	RS	SEQYNPK	NPKSE	QYSE	YD13	116d
SEQYNPKM1	SE	QY	QYNPKM	NPKM	RS	SEQYNPKM	NPKMSE	QYSE	YD13	116d
SEQYNPKM2	SE	QY	QYNPKM	NPKM	RS	SEQYNPKM	NPKMSE	QYSE	YD13	116d
SEQYNPKM3	SE	QY	QYNPKM	NPKM	RS	SEQYNPKM	NPKMSE	QYSE	YD13	116d
SEQYNPKM4	SE	QY	QYNPKM	NPKM	RS	SEQYNPKM	NPKMSE	QYSE	YD13	116d
SEQYNPKM5	SE	QY	QYNPKM	NPKM	RS	SEQYNPKM	NPKMSE	QYSE	YD13	116d
SEQYNPKM6	SE	QY	QYNPKM	NPKM	RS	SEQYNPKM	NPKMSE	QYSE	YD13	116d
SEQYNPKM7	SE	QY	QYNPKM	NPKM	RS	SEQYNPKM	NPKMSE	QYSE	YD13	116d
SEQYNPKM8	SE	QY	QYNPKM	NPKM	RS	SEQYNPKM	NPKMSE	QYSE	YD13	116d
SEQYNPKM9	SE	QY	QYNPKM	NPKM	RS	SEQYNPKM	NPKMSE	QYSE	YD13	116d
SEYCCK1	SE	YC	YCCK	CK	FS	SEYCCK	CKSE	YCSE	ZD958	68d
SEYCCK2	SE	YC	YCCK	CK	FS	SEYCCK	CKSE	YCSE	ZD958	68d
SEYCCK3	SE	YC	YCCK	CK	FS	SEYCCK	CKSE	YCSE	ZD958	68d
SEYCCK4	SE	YC	YCCK	CK	FS	SEYCCK	CKSE	YCSE	ZD958	68d
SEYCCK5	SE	YC	YCCK	CK	FS	SEYCCK	CKSE	YCSE	ZD958	68d
SEYCCK6	SE	YC	YCCK	CK	FS	SEYCCK	CKSE	YCSE	ZD958	68d
SEYCCK7	SE	YC	YCCK	CK	FS	SEYCCK	CKSE	YCSE	ZD958	68d
SEYCCK8	SE	YC	YCCK	CK	FS	SEYCCK	CKSE	YCSE	ZD958	68d
SEYCCK9	SE	YC	YCCK	CK	FS	SEYCCK	CKSE	YCSE	ZD958	68d
SEYCNPK2	SE	YC	YCNPK	NPK	FS	SEYCNPK	NPKSE	YCSE	ZD958	68d
SEYCNPK3	SE	YC	YCNPK	NPK	FS	SEYCNPK	NPKSE	YCSE	ZD958	68d
SEYCNPK4	SE	YC	YCNPK	NPK	FS	SEYCNPK	NPKSE	YCSE	ZD958	68d
SEYCNPK5	SE	YC	YCNPK	NPK	FS	SEYCNPK	NPKSE	YCSE	ZD958	68d
SEYCNPK6	SE	YC	YCNPK	NPK	FS	SEYCNPK	NPKSE	YCSE	ZD958	68d
SEYCNPK7	SE	YC	YCNPK	NPK	FS	SEYCNPK	NPKSE	YCSE	ZD958	68d
SEYCNPK8	SE	YC	YCNPK	NPK	FS	SEYCNPK	NPKSE	YCSE	ZD958	68d
SEYCNPK9	SE	YC	YCNPK	NPK	FS	SEYCNPK	NPKSE	YCSE	ZD958	68d
SEYCNPKM1	SE	YC	YCNPKM	NPKM	FS	SEYCNPKM	NPKMSE	YCSE	ZD958	68d
SEYCNPKM2	SE	YC	YCNPKM	NPKM	FS	SEYCNPKM	NPKMSE	YCSE	ZD958	68d
SEYCNPKM3	SE	YC	YCNPKM	NPKM	FS	SEYCNPKM	NPKMSE	YCSE	ZD958	68d
SEYCNPKM4	SE	YC	YCNPKM	NPKM	FS	SEYCNPKM	NPKMSE	YCSE	ZD958	68d
SEYCNPKM5	SE	YC	YCNPKM	NPKM	FS	SEYCNPKM	NPKMSE	YCSE	ZD958	68d
SEYCNPKM6	SE	YC	YCNPKM	NPKM	FS	SEYCNPKM	NPKMSE	YCSE	ZD958	68d
SEYCNPKM7	SE	YC	YCNPKM	NPKM	FS	SEYCNPKM	NPKMSE	YCSE	ZD958	68d
SEYCNPKM8	SE	YC	YCNPKM	NPKM	FS	SEYCNPKM	NPKMSE	YCSE	ZD958	68d
SEYCNPKM9	SE	YC	YCNPKM	NPKM	FS	SEYCNPKM	NPKMSE	YCSE	ZD958	68d
SEYYCK1	SE	YY	YYCK	CK	FS	SEYYCK	CKSE	YYSE	JD20	66d
SEYYCK2	SE	YY	YYCK	CK	FS	SEYYCK	CKSE	YYSE	JD20	66d
SEYYCK3	SE	YY	YYCK	CK	FS	SEYYCK	CKSE	YYSE	JD20	66d
SEYYCK4	SE	YY	YYCK	CK	FS	SEYYCK	CKSE	YYSE	JD20	66d
SEYYCK5	SE	YY	YYCK	CK	FS	SEYYCK	CKSE	YYSE	JD20	66d
SEYYCK6	SE	YY	YYCK	CK	FS	SEYYCK	CKSE	YYSE	JD20	66d
SEYYCK7	SE	YY	YYCK	CK	FS	SEYYCK	CKSE	YYSE	JD20	66d
SEYYCK8	SE	YY	YYCK	CK	FS	SEYYCK	CKSE	YYSE	JD20	66d
SEYYCK9	SE	YY	YYCK	CK	FS	SEYYCK	CKSE	YYSE	JD20	66d
SEYYNPK1	SE	YY	YYNPK	NPK	FS	SEYYNPK	NPKSE	YYSE	JD20	66d
SEYYNPK2	SE	YY	YYNPK	NPK	FS	SEYYNPK	NPKSE	YYSE	JD20	66d
SEYYNPK3	SE	YY	YYNPK	NPK	FS	SEYYNPK	NPKSE	YYSE	JD20	66d
SEYYNPK4	SE	YY	YYNPK	NPK	FS	SEYYNPK	NPKSE	YYSE	JD20	66d
SEYYNPK5	SE	YY	YYNPK	NPK	FS	SEYYNPK	NPKSE	YYSE	JD20	66d
SEYYNPK6	SE	YY	YYNPK	NPK	FS	SEYYNPK	NPKSE	YYSE	JD20	66d
SEYYNPK7	SE	YY	YYNPK	NPK	FS	SEYYNPK	NPKSE	YYSE	JD20	66d
SEYYNPK8	SE	YY	YYNPK	NPK	FS	SEYYNPK	NPKSE	YYSE	JD20	66d
SEYYNPK9	SE	YY	YYNPK	NPK	FS	SEYYNPK	NPKSE	YYSE	JD20	66d
SEYYNPKM1	SE	YY	YYNPKM	NPKM	FS	SEYYNPKM	NPKMSE	YYSE	JD20	66d
SEYYNPKM2	SE	YY	YYNPKM	NPKM	FS	SEYYNPKM	NPKMSE	YYSE	JD20	66d
SEYYNPKM3	SE	YY	YYNPKM	NPKM	FS	SEYYNPKM	NPKMSE	YYSE	JD20	66d
SEYYNPKM4	SE	YY	YYNPKM	NPKM	FS	SEYYNPKM	NPKMSE	YYSE	JD20	66d
SEYYNPKM5	SE	YY	YYNPKM	NPKM	FS	SEYYNPKM	NPKMSE	YYSE	JD20	66d
SEYYNPKM6	SE	YY	YYNPKM	NPKM	FS	SEYYNPKM	NPKMSE	YYSE	JD20	66d
SEYYNPKM7	SE	YY	YYNPKM	NPKM	FS	SEYYNPKM	NPKMSE	YYSE	JD20	66d
SEYYNPKM8	SE	YY	YYNPKM	NPKM	FS	SEYYNPKM	NPKMSE	YYSE	JD20	66d
SEYYNPKM9	SE	YY	YYNPKM	NPKM	FS	SEYYNPKM	NPKMSE	YYSE	JD20	66d
SECCCK1	SE	CC	CCCK	CK	BS	SECCCK	CKSE	CCSE	LY66	115d
SECCCK2	SE	CC	CCCK	CK	BS	SECCCK	CKSE	CCSE	LY66	115d
SECCCK3	SE	CC	CCCK	CK	BS	SECCCK	CKSE	CCSE	LY66	115d
SECCNPK1	SE	CC	CCNPK	NPK	BS	SECCNPK	NPKSE	CCSE	LY66	115d
SECCNPK2	SE	CC	CCNPK	NPK	BS	SECCNPK	NPKSE	CCSE	LY66	115d
SECCNPK3	SE	CC	CCNPK	NPK	BS	SECCNPK	NPKSE	CCSE	LY66	115d
SECCNPKM1	SE	CC	CCNPKM	NPKM	BS	SECCNPKM	NPKMSE	CCSE	LY66	115d
SECCNPKM2	SE	CC	CCNPKM	NPKM	BS	SECCNPKM	NPKMSE	CCSE	LY66	115d
SECCNPKM3	SE	CC	CCNPKM	NPKM	BS	SECCNPKM	NPKMSE	CCSE	LY66	115d
SEJX20CK1	SE	JX20	JX20CK	CK	RS	SEJX20CK	CKSE	JX20SE	YD13	77d
SEJX20CK2	SE	JX20	JX20CK	CK	RS	SEJX20CK	CKSE	JX20SE	YD13	77d
SEJX20CK3	SE	JX20	JX20CK	CK	RS	SEJX20CK	CKSE	JX20SE	YD13	77d
SEJX20CK4	SE	JX20	JX20CK	CK	RS	SEJX20CK	CKSE	JX20SE	YD13	77d
SEJX20CK5	SE	JX20	JX20CK	CK	RS	SEJX20CK	CKSE	JX20SE	YD13	77d
SEJX20CK6	SE	JX20	JX20CK	CK	RS	SEJX20CK	CKSE	JX20SE	YD13	77d
SEJX20CK7	SE	JX20	JX20CK	CK	RS	SEJX20CK	CKSE	JX20SE	YD13	77d
SEJX20CK9	SE	JX20	JX20CK	CK	RS	SEJX20CK	CKSE	JX20SE	YD13	77d
SEJX20NPK1	SE	JX20	JX20NPK	NPK	RS	SEJX20NPK	NPKSE	JX20SE	YD13	77d
SEJX20NPK2	SE	JX20	JX20NPK	NPK	RS	SEJX20NPK	NPKSE	JX20SE	YD13	77d
SEJX20NPK3	SE	JX20	JX20NPK	NPK	RS	SEJX20NPK	NPKSE	JX20SE	YD13	77d
SEJX20NPK4	SE	JX20	JX20NPK	NPK	RS	SEJX20NPK	NPKSE	JX20SE	YD13	77d
SEJX20NPK5	SE	JX20	JX20NPK	NPK	RS	SEJX20NPK	NPKSE	JX20SE	YD13	77d
SEJX20NPK6	SE	JX20	JX20NPK	NPK	RS	SEJX20NPK	NPKSE	JX20SE	YD13	77d
SEJX20NPK7	SE	JX20	JX20NPK	NPK	RS	SEJX20NPK	NPKSE	JX20SE	YD13	77d
SEJX20NPK8	SE	JX20	JX20NPK	NPK	RS	SEJX20NPK	NPKSE	JX20SE	YD13	77d
SEJX20NPK9	SE	JX20	JX20NPK	NPK	RS	SEJX20NPK	NPKSE	JX20SE	YD13	77d
SEJX20NPKM1	SE	JX20	JX20NPKM	NPKM	RS	SEJX20NPKM	NPKMSE	JX20SE	YD13	77d
SEJX20NPKM2	SE	JX20	JX20NPKM	NPKM	RS	SEJX20NPKM	NPKMSE	JX20SE	YD13	77d
SEJX20NPKM3	SE	JX20	JX20NPKM	NPKM	RS	SEJX20NPKM	NPKMSE	JX20SE	YD13	77d
SEJX20NPKM4	SE	JX20	JX20NPKM	NPKM	RS	SEJX20NPKM	NPKMSE	JX20SE	YD13	77d
SEJX20NPKM5	SE	JX20	JX20NPKM	NPKM	RS	SEJX20NPKM	NPKMSE	JX20SE	YD13	77d
SEJX20NPKM8	SE	JX20	JX20NPKM	NPKM	RS	SEJX20NPKM	NPKMSE	JX20SE	YD13	77d
SEJX20NPKM9	SE	JX20	JX20NPKM	NPKM	RS	SEJX20NPKM	NPKMSE	JX20SE	YD13	77d
SEHL20CK1	SE	HL20	HL20CK	CK	BS	SEHL20CK	CKSE	HL20SE	KW6	102d
SEHL20CK2	SE	HL20	HL20CK	CK	BS	SEHL20CK	CKSE	HL20SE	KW6	102d
SEHL20CK3	SE	HL20	HL20CK	CK	BS	SEHL20CK	CKSE	HL20SE	KW6	102d
SEHL20NPK1	SE	HL20	HL20NPK	NPK	BS	SEHL20NPK	NPKSE	HL20SE	KW6	102d
SEHL20NPK2	SE	HL20	HL20NPK	NPK	BS	SEHL20NPK	NPKSE	HL20SE	KW6	102d
SEHL20NPK3	SE	HL20	HL20NPK	NPK	BS	SEHL20NPK	NPKSE	HL20SE	KW6	102d
SEHL20NPKM1	SE	HL20	HL20NPKM	NPKM	BS	SEHL20NPKM	NPKMSE	HL20SE	KW6	102d
SEHL20NPKM2	SE	HL20	HL20NPKM	NPKM	BS	SEHL20NPKM	NPKMSE	HL20SE	KW6	102d
XEQYCK1	VE	QY	QYCK	CK	RS	XEQYCK	CKXE	QYXE	YD13	116d
XEQYCK4	VE	QY	QYCK	CK	RS	XEQYCK	CKXE	QYXE	YD13	116d
XEQYCK5	VE	QY	QYCK	CK	RS	XEQYCK	CKXE	QYXE	YD13	116d
XEQYCK6	VE	QY	QYCK	CK	RS	XEQYCK	CKXE	QYXE	YD13	116d
XEQYCK7	VE	QY	QYCK	CK	RS	XEQYCK	CKXE	QYXE	YD13	116d
XEQYCK8	VE	QY	QYCK	CK	RS	XEQYCK	CKXE	QYXE	YD13	116d
XEQYCK9	VE	QY	QYCK	CK	RS	XEQYCK	CKXE	QYXE	YD13	116d
XEQYNPK1	VE	QY	QYNPK	NPK	RS	XEQYNPK	NPKXE	QYXE	YD13	116d
XEQYNPK2	VE	QY	QYNPK	NPK	RS	XEQYNPK	NPKXE	QYXE	YD13	116d
XEQYNPK4	VE	QY	QYNPK	NPK	RS	XEQYNPK	NPKXE	QYXE	YD13	116d
XEQYNPK6	VE	QY	QYNPK	NPK	RS	XEQYNPK	NPKXE	QYXE	YD13	116d
XEQYNPK7	VE	QY	QYNPK	NPK	RS	XEQYNPK	NPKXE	QYXE	YD13	116d
XEQYNPK8	VE	QY	QYNPK	NPK	RS	XEQYNPK	NPKXE	QYXE	YD13	116d
XEQYNPK9	VE	QY	QYNPK	NPK	RS	XEQYNPK	NPKXE	QYXE	YD13	116d
XEQYNPKM1	VE	QY	QYNPKM	NPKM	RS	XEQYNPKM	NPKMXE	QYXE	YD13	116d
XEQYNPKM2	VE	QY	QYNPKM	NPKM	RS	XEQYNPKM	NPKMXE	QYXE	YD13	116d
XEQYNPKM3	VE	QY	QYNPKM	NPKM	RS	XEQYNPKM	NPKMXE	QYXE	YD13	116d
XEQYNPKM4	VE	QY	QYNPKM	NPKM	RS	XEQYNPKM	NPKMXE	QYXE	YD13	116d
XEQYNPKM5	VE	QY	QYNPKM	NPKM	RS	XEQYNPKM	NPKMXE	QYXE	YD13	116d
XEQYNPKM6	VE	QY	QYNPKM	NPKM	RS	XEQYNPKM	NPKMXE	QYXE	YD13	116d
XEQYNPKM7	VE	QY	QYNPKM	NPKM	RS	XEQYNPKM	NPKMXE	QYXE	YD13	116d
XEQYNPKM8	VE	QY	QYNPKM	NPKM	RS	XEQYNPKM	NPKMXE	QYXE	YD13	116d
XEQYNPKM9	VE	QY	QYNPKM	NPKM	RS	XEQYNPKM	NPKMXE	QYXE	YD13	116d
XEYCCK1	VE	YC	YCCK	CK	FS	XEYCCK	CKXE	YCXE	ZD958	68d
XEYCCK2	VE	YC	YCCK	CK	FS	XEYCCK	CKXE	YCXE	ZD958	68d
XEYCCK3	VE	YC	YCCK	CK	FS	XEYCCK	CKXE	YCXE	ZD958	68d
XEYCCK4	VE	YC	YCCK	CK	FS	XEYCCK	CKXE	YCXE	ZD958	68d
XEYCCK5	VE	YC	YCCK	CK	FS	XEYCCK	CKXE	YCXE	ZD958	68d
XEYCCK6	VE	YC	YCCK	CK	FS	XEYCCK	CKXE	YCXE	ZD958	68d
XEYCCK7	VE	YC	YCCK	CK	FS	XEYCCK	CKXE	YCXE	ZD958	68d
XEYCCK8	VE	YC	YCCK	CK	FS	XEYCCK	CKXE	YCXE	ZD958	68d
XEYCCK9	VE	YC	YCCK	CK	FS	XEYCCK	CKXE	YCXE	ZD958	68d
XEYCNPK1	VE	YC	YCNPK	NPK	FS	XEYCNPK	NPKXE	YCXE	ZD958	68d
XEYCNPK2	VE	YC	YCNPK	NPK	FS	XEYCNPK	NPKXE	YCXE	ZD958	68d
XEYCNPK3	VE	YC	YCNPK	NPK	FS	XEYCNPK	NPKXE	YCXE	ZD958	68d
XEYCNPK4	VE	YC	YCNPK	NPK	FS	XEYCNPK	NPKXE	YCXE	ZD958	68d
XEYCNPK5	VE	YC	YCNPK	NPK	FS	XEYCNPK	NPKXE	YCXE	ZD958	68d
XEYCNPK6	VE	YC	YCNPK	NPK	FS	XEYCNPK	NPKXE	YCXE	ZD958	68d
XEYCNPK7	VE	YC	YCNPK	NPK	FS	XEYCNPK	NPKXE	YCXE	ZD958	68d
XEYCNPK8	VE	YC	YCNPK	NPK	FS	XEYCNPK	NPKXE	YCXE	ZD958	68d
XEYCNPK9	VE	YC	YCNPK	NPK	FS	XEYCNPK	NPKXE	YCXE	ZD958	68d
XEYCNPKM1	VE	YC	YCNPKM	NPKM	FS	XEYCNPKM	NPKMXE	YCXE	ZD958	68d
XEYCNPKM2	VE	YC	YCNPKM	NPKM	FS	XEYCNPKM	NPKMXE	YCXE	ZD958	68d
XEYCNPKM3	VE	YC	YCNPKM	NPKM	FS	XEYCNPKM	NPKMXE	YCXE	ZD958	68d
XEYCNPKM4	VE	YC	YCNPKM	NPKM	FS	XEYCNPKM	NPKMXE	YCXE	ZD958	68d
XEYCNPKM5	VE	YC	YCNPKM	NPKM	FS	XEYCNPKM	NPKMXE	YCXE	ZD958	68d
XEYCNPKM6	VE	YC	YCNPKM	NPKM	FS	XEYCNPKM	NPKMXE	YCXE	ZD958	68d
XEYCNPKM7	VE	YC	YCNPKM	NPKM	FS	XEYCNPKM	NPKMXE	YCXE	ZD958	68d
XEYCNPKM8	VE	YC	YCNPKM	NPKM	FS	XEYCNPKM	NPKMXE	YCXE	ZD958	68d
XEYCNPKM9	VE	YC	YCNPKM	NPKM	FS	XEYCNPKM	NPKMXE	YCXE	ZD958	68d
XEYYCK1	VE	YY	YYCK	CK	FS	XEYYCK	CKXE	YYXE	JD20	66d
XEYYCK2	VE	YY	YYCK	CK	FS	XEYYCK	CKXE	YYXE	JD20	66d
XEYYCK4	VE	YY	YYCK	CK	FS	XEYYCK	CKXE	YYXE	JD20	66d
XEYYCK5	VE	YY	YYCK	CK	FS	XEYYCK	CKXE	YYXE	JD20	66d
XEYYCK6	VE	YY	YYCK	CK	FS	XEYYCK	CKXE	YYXE	JD20	66d
XEYYCK7	VE	YY	YYCK	CK	FS	XEYYCK	CKXE	YYXE	JD20	66d
XEYYCK8	VE	YY	YYCK	CK	FS	XEYYCK	CKXE	YYXE	JD20	66d
XEYYCK9	VE	YY	YYCK	CK	FS	XEYYCK	CKXE	YYXE	JD20	66d
XEYYNPK1	VE	YY	YYNPK	NPK	FS	XEYYNPK	NPKXE	YYXE	JD20	66d
XEYYNPK2	VE	YY	YYNPK	NPK	FS	XEYYNPK	NPKXE	YYXE	JD20	66d
XEYYNPK3	VE	YY	YYNPK	NPK	FS	XEYYNPK	NPKXE	YYXE	JD20	66d
XEYYNPK4	VE	YY	YYNPK	NPK	FS	XEYYNPK	NPKXE	YYXE	JD20	66d
XEYYNPK5	VE	YY	YYNPK	NPK	FS	XEYYNPK	NPKXE	YYXE	JD20	66d
XEYYNPK6	VE	YY	YYNPK	NPK	FS	XEYYNPK	NPKXE	YYXE	JD20	66d
XEYYNPK8	VE	YY	YYNPK	NPK	FS	XEYYNPK	NPKXE	YYXE	JD20	66d
XEYYNPK9	VE	YY	YYNPK	NPK	FS	XEYYNPK	NPKXE	YYXE	JD20	66d
XEYYNPKM1	VE	YY	YYNPKM	NPKM	FS	XEYYNPKM	NPKMXE	YYXE	JD20	66d
XEYYNPKM2	VE	YY	YYNPKM	NPKM	FS	XEYYNPKM	NPKMXE	YYXE	JD20	66d
XEYYNPKM3	VE	YY	YYNPKM	NPKM	FS	XEYYNPKM	NPKMXE	YYXE	JD20	66d
XEYYNPKM4	VE	YY	YYNPKM	NPKM	FS	XEYYNPKM	NPKMXE	YYXE	JD20	66d
XEYYNPKM5	VE	YY	YYNPKM	NPKM	FS	XEYYNPKM	NPKMXE	YYXE	JD20	66d
XEYYNPKM6	VE	YY	YYNPKM	NPKM	FS	XEYYNPKM	NPKMXE	YYXE	JD20	66d
XEYYNPKM7	VE	YY	YYNPKM	NPKM	FS	XEYYNPKM	NPKMXE	YYXE	JD20	66d
XEYYNPKM8	VE	YY	YYNPKM	NPKM	FS	XEYYNPKM	NPKMXE	YYXE	JD20	66d
XEYYNPKM9	VE	YY	YYNPKM	NPKM	FS	XEYYNPKM	NPKMXE	YYXE	JD20	66d
XECCCK1	VE	CC	CCCK	CK	BS	XECCCK	CKXE	CCXE	LY66	115d
XECCCK2	VE	CC	CCCK	CK	BS	XECCCK	CKXE	CCXE	LY66	115d
XECCCK3	VE	CC	CCCK	CK	BS	XECCCK	CKXE	CCXE	LY66	115d
XECCNPK1	VE	CC	CCNPK	NPK	BS	XECCNPK	NPKXE	CCXE	LY66	115d
XECCNPK2	VE	CC	CCNPK	NPK	BS	XECCNPK	NPKXE	CCXE	LY66	115d
XECCNPK3	VE	CC	CCNPK	NPK	BS	XECCNPK	NPKXE	CCXE	LY66	115d
XECCNPKM1	VE	CC	CCNPKM	NPKM	BS	XECCNPKM	NPKMXE	CCXE	LY66	115d
XECCNPKM2	VE	CC	CCNPKM	NPKM	BS	XECCNPKM	NPKMXE	CCXE	LY66	115d
XECCNPKM3	VE	CC	CCNPKM	NPKM	BS	XECCNPKM	NPKMXE	CCXE	LY66	115d
XEJX20CK1	VE	JX20	JX20CK	CK	RS	XEJX20CK	CKXE	JX20XE	YD13	77d
XEJX20CK2	VE	JX20	JX20CK	CK	RS	XEJX20CK	CKXE	JX20XE	YD13	77d
XEJX20CK3	VE	JX20	JX20CK	CK	RS	XEJX20CK	CKXE	JX20XE	YD13	77d
XEJX20CK4	VE	JX20	JX20CK	CK	RS	XEJX20CK	CKXE	JX20XE	YD13	77d
XEJX20CK5	VE	JX20	JX20CK	CK	RS	XEJX20CK	CKXE	JX20XE	YD13	77d
XEJX20CK6	VE	JX20	JX20CK	CK	RS	XEJX20CK	CKXE	JX20XE	YD13	77d
XEJX20CK7	VE	JX20	JX20CK	CK	RS	XEJX20CK	CKXE	JX20XE	YD13	77d
XEJX20CK8	VE	JX20	JX20CK	CK	RS	XEJX20CK	CKXE	JX20XE	YD13	77d
XEJX20CK9	VE	JX20	JX20CK	CK	RS	XEJX20CK	CKXE	JX20XE	YD13	77d
XEJX20NPK1	VE	JX20	JX20NPK	NPK	RS	XEJX20NPK	NPKXE	JX20XE	YD13	77d
XEJX20NPK2	VE	JX20	JX20NPK	NPK	RS	XEJX20NPK	NPKXE	JX20XE	YD13	77d
XEJX20NPK3	VE	JX20	JX20NPK	NPK	RS	XEJX20NPK	NPKXE	JX20XE	YD13	77d
XEJX20NPK4	VE	JX20	JX20NPK	NPK	RS	XEJX20NPK	NPKXE	JX20XE	YD13	77d
XEJX20NPK5	VE	JX20	JX20NPK	NPK	RS	XEJX20NPK	NPKXE	JX20XE	YD13	77d
XEJX20NPK6	VE	JX20	JX20NPK	NPK	RS	XEJX20NPK	NPKXE	JX20XE	YD13	77d
XEJX20NPK7	VE	JX20	JX20NPK	NPK	RS	XEJX20NPK	NPKXE	JX20XE	YD13	77d
XEJX20NPK8	VE	JX20	JX20NPK	NPK	RS	XEJX20NPK	NPKXE	JX20XE	YD13	77d
XEJX20NPK9	VE	JX20	JX20NPK	NPK	RS	XEJX20NPK	NPKXE	JX20XE	YD13	77d
XEJX20NPKM1	VE	JX20	JX20NPKM	NPKM	RS	XEJX20NPKM	NPKMXE	JX20XE	YD13	77d
XEJX20NPKM2	VE	JX20	JX20NPKM	NPKM	RS	XEJX20NPKM	NPKMXE	JX20XE	YD13	77d
XEJX20NPKM3	VE	JX20	JX20NPKM	NPKM	RS	XEJX20NPKM	NPKMXE	JX20XE	YD13	77d
XEJX20NPKM4	VE	JX20	JX20NPKM	NPKM	RS	XEJX20NPKM	NPKMXE	JX20XE	YD13	77d
XEJX20NPKM5	VE	JX20	JX20NPKM	NPKM	RS	XEJX20NPKM	NPKMXE	JX20XE	YD13	77d
XEJX20NPKM6	VE	JX20	JX20NPKM	NPKM	RS	XEJX20NPKM	NPKMXE	JX20XE	YD13	77d
XEJX20NPKM7	VE	JX20	JX20NPKM	NPKM	RS	XEJX20NPKM	NPKMXE	JX20XE	YD13	77d
XEJX20NPKM8	VE	JX20	JX20NPKM	NPKM	RS	XEJX20NPKM	NPKMXE	JX20XE	YD13	77d
XEJX20NPKM9	VE	JX20	JX20NPKM	NPKM	RS	XEJX20NPKM	NPKMXE	JX20XE	YD13	77d
XEHL20CK1	VE	HL20	HL20CK	CK	BS	XEHL20CK	CKXE	HL20XE	KW6	102d
XEHL20CK2	VE	HL20	HL20CK	CK	BS	XEHL20CK	CKXE	HL20XE	KW6	102d
XEHL20CK3	VE	HL20	HL20CK	CK	BS	XEHL20CK	CKXE	HL20XE	KW6	102d
XEHL20NPK2	VE	HL20	HL20NPK	NPK	BS	XEHL20NPK	NPKXE	HL20XE	KW6	102d
XEHL20NPK3	VE	HL20	HL20NPK	NPK	BS	XEHL20NPK	NPKXE	HL20XE	KW6	102d
XEHL20NPKM1	VE	HL20	HL20NPKM	NPKM	BS	XEHL20NPKM	NPKMXE	HL20XE	KW6	102d
XEHL20NPKM2	VE	HL20	HL20NPKM	NPKM	BS	XEHL20NPKM	NPKMXE	HL20XE	KW6	102d
XEHL20NPKM3	VE	HL20	HL20NPKM	NPKM	BS	XEHL20NPKM	NPKMXE	HL20XE	KW6	102d
