sample	pop	super_pop	gender		
HG00096	GBR	EUR	male
HG00097	GBR	EUR	female
HG00099	GBR	EUR	female
HG00100	GBR	EUR	female
HG00101	GBR	EUR	male
HG00102	GBR	EUR	female
HG00103	GBR	EUR	male
HG00105	GBR	EUR	male
HG00106	GBR	EUR	female
HG00107	GBR	EUR	male
HG00108	GBR	EUR	male
HG00109	GBR	EUR	male
HG00110	GBR	EUR	female
HG00111	GBR	EUR	female
HG00112	GBR	EUR	male
HG00113	GBR	EUR	male
HG00114	GBR	EUR	male
HG00115	GBR	EUR	male
HG00116	GBR	EUR	male
HG00117	GBR	EUR	male
HG00118	GBR	EUR	female
HG00119	GBR	EUR	male
HG00120	GBR	EUR	female
HG00121	GBR	EUR	female
HG00122	GBR	EUR	female
HG00123	GBR	EUR	female
HG00125	GBR	EUR	female
HG00126	GBR	EUR	male
HG00127	GBR	EUR	female
HG00128	GBR	EUR	female
HG00129	GBR	EUR	male
HG00130	GBR	EUR	female
HG00131	GBR	EUR	male
HG00132	GBR	EUR	female
HG00133	GBR	EUR	female
HG00136	GBR	EUR	male
HG00137	GBR	EUR	female
HG00138	GBR	EUR	male
HG00139	GBR	EUR	male
HG00140	GBR	EUR	male
HG00141	GBR	EUR	male
HG00142	GBR	EUR	male
HG00143	GBR	EUR	male
HG00145	GBR	EUR	male
HG00146	GBR	EUR	female
HG00148	GBR	EUR	male
HG00149	GBR	EUR	male
HG00150	GBR	EUR	female
HG00151	GBR	EUR	male
HG00154	GBR	EUR	female
HG00155	GBR	EUR	male
HG00157	GBR	EUR	male
HG00158	GBR	EUR	female
HG00159	GBR	EUR	male
HG00160	GBR	EUR	male
HG00171	FIN	EUR	female
HG00173	FIN	EUR	female
HG00174	FIN	EUR	female
HG00176	FIN	EUR	female
HG00177	FIN	EUR	female
HG00178	FIN	EUR	female
HG00179	FIN	EUR	female
HG00180	FIN	EUR	female
HG00181	FIN	EUR	male
HG00182	FIN	EUR	male
HG00183	FIN	EUR	male
HG00185	FIN	EUR	male
HG00186	FIN	EUR	male
HG00187	FIN	EUR	male
HG00188	FIN	EUR	male
HG00189	FIN	EUR	male
HG00190	FIN	EUR	male
HG00231	GBR	EUR	female
HG00232	GBR	EUR	female
HG00233	GBR	EUR	female
HG00234	GBR	EUR	male
HG00235	GBR	EUR	female
HG00236	GBR	EUR	female
HG00237	GBR	EUR	female
HG00238	GBR	EUR	female
HG00239	GBR	EUR	female
HG00240	GBR	EUR	female
HG00242	GBR	EUR	male
HG00243	GBR	EUR	male
HG00244	GBR	EUR	male
HG00245	GBR	EUR	female
HG00246	GBR	EUR	male
HG00250	GBR	EUR	female
HG00251	GBR	EUR	male
HG00252	GBR	EUR	male
HG00253	GBR	EUR	female
HG00254	GBR	EUR	female
HG00255	GBR	EUR	female
HG00256	GBR	EUR	male
HG00257	GBR	EUR	female
HG00258	GBR	EUR	female
HG00259	GBR	EUR	female
HG00260	GBR	EUR	male
HG00261	GBR	EUR	female
HG00262	GBR	EUR	female
HG00263	GBR	EUR	female
HG00264	GBR	EUR	male
HG00265	GBR	EUR	male
HG00266	FIN	EUR	female
HG00267	FIN	EUR	male
HG00268	FIN	EUR	female
HG00269	FIN	EUR	female
HG00271	FIN	EUR	male
HG00272	FIN	EUR	female
HG00273	FIN	EUR	male
HG00274	FIN	EUR	female
HG00275	FIN	EUR	female
HG00276	FIN	EUR	female
HG00277	FIN	EUR	male
HG00278	FIN	EUR	male
HG00280	FIN	EUR	male
HG00281	FIN	EUR	female
HG00282	FIN	EUR	female
HG00284	FIN	EUR	male
HG00285	FIN	EUR	female
HG00288	FIN	EUR	female
HG00290	FIN	EUR	male
HG00304	FIN	EUR	female
HG00306	FIN	EUR	female
HG00308	FIN	EUR	male
HG00309	FIN	EUR	female
HG00310	FIN	EUR	male
HG00311	FIN	EUR	male
HG00313	FIN	EUR	female
HG00315	FIN	EUR	female
HG00318	FIN	EUR	female
HG00319	FIN	EUR	female
HG00320	FIN	EUR	female
HG00321	FIN	EUR	male
HG00323	FIN	EUR	female
HG00324	FIN	EUR	female
HG00325	FIN	EUR	male
HG00326	FIN	EUR	female
HG00327	FIN	EUR	female
HG00328	FIN	EUR	female
HG00329	FIN	EUR	male
HG00330	FIN	EUR	female
HG00331	FIN	EUR	female
HG00332	FIN	EUR	female
HG00334	FIN	EUR	female
HG00335	FIN	EUR	male
HG00336	FIN	EUR	male
HG00337	FIN	EUR	female
HG00338	FIN	EUR	male
HG00339	FIN	EUR	female
HG00341	FIN	EUR	male
HG00342	FIN	EUR	male
HG00343	FIN	EUR	female
HG00344	FIN	EUR	female
HG00345	FIN	EUR	male
HG00346	FIN	EUR	female
HG00349	FIN	EUR	female
HG00350	FIN	EUR	female
HG00351	FIN	EUR	male
HG00353	FIN	EUR	female
HG00355	FIN	EUR	female
HG00356	FIN	EUR	female
HG00357	FIN	EUR	female
HG00358	FIN	EUR	male
HG00360	FIN	EUR	male
HG00361	FIN	EUR	female
HG00362	FIN	EUR	female
HG00364	FIN	EUR	female
HG00365	FIN	EUR	female
HG00366	FIN	EUR	male
HG00367	FIN	EUR	female
HG00368	FIN	EUR	female
HG00369	FIN	EUR	male
HG00371	FIN	EUR	male
HG00372	FIN	EUR	male
HG00373	FIN	EUR	female
HG00375	FIN	EUR	male
HG00376	FIN	EUR	female
HG00378	FIN	EUR	female
HG00379	FIN	EUR	female
HG00380	FIN	EUR	female
HG00381	FIN	EUR	female
HG00382	FIN	EUR	male
HG00383	FIN	EUR	female
HG00384	FIN	EUR	female
HG00403	CHS	EAS	male
HG00404	CHS	EAS	female
HG00406	CHS	EAS	male
HG00407	CHS	EAS	female
HG00409	CHS	EAS	male
HG00410	CHS	EAS	female
HG00419	CHS	EAS	female
HG00421	CHS	EAS	male
HG00422	CHS	EAS	female
HG00428	CHS	EAS	female
HG00436	CHS	EAS	male
HG00437	CHS	EAS	female
HG00442	CHS	EAS	male
HG00443	CHS	EAS	female
HG00445	CHS	EAS	male
HG00446	CHS	EAS	female
HG00448	CHS	EAS	male
HG00449	CHS	EAS	female
HG00451	CHS	EAS	male
HG00452	CHS	EAS	female
HG00457	CHS	EAS	male
HG00458	CHS	EAS	female
HG00463	CHS	EAS	male
HG00464	CHS	EAS	female
HG00472	CHS	EAS	male
HG00473	CHS	EAS	female
HG00475	CHS	EAS	male
HG00476	CHS	EAS	female
HG00478	CHS	EAS	male
HG00479	CHS	EAS	female
HG00500	CHS	EAS	male
HG00513	CHS	EAS	female
HG00524	CHS	EAS	male
HG00525	CHS	EAS	female
HG00530	CHS	EAS	male
HG00531	CHS	EAS	female
HG00533	CHS	EAS	male
HG00534	CHS	EAS	female
HG00536	CHS	EAS	male
HG00537	CHS	EAS	female
HG00542	CHS	EAS	male
HG00543	CHS	EAS	female
HG00551	PUR	AMR	female
HG00553	PUR	AMR	male
HG00554	PUR	AMR	female
HG00556	CHS	EAS	male
HG00557	CHS	EAS	female
HG00559	CHS	EAS	male
HG00560	CHS	EAS	female
HG00565	CHS	EAS	male
HG00566	CHS	EAS	female
HG00580	CHS	EAS	male
HG00581	CHS	EAS	female
HG00583	CHS	EAS	male
HG00584	CHS	EAS	female
HG00589	CHS	EAS	male
HG00590	CHS	EAS	female
HG00592	CHS	EAS	male
HG00593	CHS	EAS	female
HG00595	CHS	EAS	male
HG00596	CHS	EAS	female
HG00598	CHS	EAS	male
HG00599	CHS	EAS	female
HG00607	CHS	EAS	male
HG00608	CHS	EAS	female
HG00610	CHS	EAS	male
HG00611	CHS	EAS	female
HG00613	CHS	EAS	male
HG00614	CHS	EAS	female
HG00619	CHS	EAS	male
HG00620	CHS	EAS	female
HG00622	CHS	EAS	male
HG00623	CHS	EAS	female
HG00625	CHS	EAS	male
HG00626	CHS	EAS	female
HG00628	CHS	EAS	male
HG00629	CHS	EAS	female
HG00631	CHS	EAS	male
HG00632	CHS	EAS	female
HG00634	CHS	EAS	male
HG00637	PUR	AMR	male
HG00638	PUR	AMR	female
HG00640	PUR	AMR	male
HG00641	PUR	AMR	female
HG00650	CHS	EAS	male
HG00651	CHS	EAS	female
HG00653	CHS	EAS	male
HG00654	CHS	EAS	female
HG00656	CHS	EAS	male
HG00657	CHS	EAS	female
HG00662	CHS	EAS	male
HG00663	CHS	EAS	female
HG00671	CHS	EAS	male
HG00672	CHS	EAS	female
HG00674	CHS	EAS	male
HG00675	CHS	EAS	female
HG00683	CHS	EAS	male
HG00684	CHS	EAS	female
HG00689	CHS	EAS	male
HG00690	CHS	EAS	female
HG00692	CHS	EAS	male
HG00693	CHS	EAS	female
HG00698	CHS	EAS	male
HG00699	CHS	EAS	female
HG00701	CHS	EAS	male
HG00704	CHS	EAS	male
HG00705	CHS	EAS	female
HG00707	CHS	EAS	male
HG00708	CHS	EAS	female
HG00717	CHS	EAS	female
HG00728	CHS	EAS	male
HG00729	CHS	EAS	female
HG00731	PUR	AMR	male
HG00732	PUR	AMR	female
HG00734	PUR	AMR	female
HG00736	PUR	AMR	male
HG00737	PUR	AMR	female
HG00739	PUR	AMR	male
HG00740	PUR	AMR	female
HG00742	PUR	AMR	male
HG00743	PUR	AMR	female
HG00759	CDX	EAS	female
HG00766	CDX	EAS	female
HG00844	CDX	EAS	male
HG00851	CDX	EAS	female
HG00864	CDX	EAS	female
HG00867	CDX	EAS	female
HG00879	CDX	EAS	female
HG00881	CDX	EAS	male
HG00956	CDX	EAS	female
HG00978	CDX	EAS	female
HG00982	CDX	EAS	male
HG01028	CDX	EAS	male
HG01029	CDX	EAS	female
HG01031	CDX	EAS	male
HG01046	CDX	EAS	female
HG01047	PUR	AMR	male
HG01048	PUR	AMR	male
HG01049	PUR	AMR	female
HG01051	PUR	AMR	male
HG01052	PUR	AMR	female
HG01054	PUR	AMR	male
HG01055	PUR	AMR	female
HG01058	PUR	AMR	female
HG01060	PUR	AMR	male
HG01061	PUR	AMR	female
HG01063	PUR	AMR	male
HG01064	PUR	AMR	female
HG01066	PUR	AMR	male
HG01067	PUR	AMR	female
HG01069	PUR	AMR	male
HG01070	PUR	AMR	female
HG01072	PUR	AMR	male
HG01073	PUR	AMR	female
HG01075	PUR	AMR	male
HG01077	PUR	AMR	female
HG01079	PUR	AMR	male
HG01080	PUR	AMR	female
HG01082	PUR	AMR	male
HG01083	PUR	AMR	female
HG01085	PUR	AMR	male
HG01086	PUR	AMR	female
HG01088	PUR	AMR	male
HG01089	PUR	AMR	female
HG01092	PUR	AMR	female
HG01094	PUR	AMR	male
HG01095	PUR	AMR	female
HG01097	PUR	AMR	male
HG01098	PUR	AMR	female
HG01101	PUR	AMR	male
HG01102	PUR	AMR	female
HG01104	PUR	AMR	male
HG01105	PUR	AMR	female
HG01107	PUR	AMR	male
HG01108	PUR	AMR	female
HG01110	PUR	AMR	male
HG01111	PUR	AMR	female
HG01112	CLM	AMR	male
HG01113	CLM	AMR	female
HG01119	CLM	AMR	female
HG01121	CLM	AMR	male
HG01122	CLM	AMR	female
HG01124	CLM	AMR	male
HG01125	CLM	AMR	female
HG01130	CLM	AMR	male
HG01131	CLM	AMR	female
HG01133	CLM	AMR	male
HG01134	CLM	AMR	female
HG01136	CLM	AMR	male
HG01137	CLM	AMR	female
HG01139	CLM	AMR	male
HG01140	CLM	AMR	female
HG01142	CLM	AMR	male
HG01148	CLM	AMR	male
HG01149	CLM	AMR	female
HG01161	PUR	AMR	male
HG01162	PUR	AMR	female
HG01164	PUR	AMR	male
HG01167	PUR	AMR	male
HG01168	PUR	AMR	female
HG01170	PUR	AMR	male
HG01171	PUR	AMR	female
HG01173	PUR	AMR	male
HG01174	PUR	AMR	female
HG01176	PUR	AMR	male
HG01177	PUR	AMR	female
HG01182	PUR	AMR	male
HG01183	PUR	AMR	female
HG01187	PUR	AMR	male
HG01188	PUR	AMR	female
HG01190	PUR	AMR	male
HG01191	PUR	AMR	female
HG01197	PUR	AMR	male
HG01198	PUR	AMR	female
HG01200	PUR	AMR	male
HG01204	PUR	AMR	male
HG01205	PUR	AMR	female
HG01241	PUR	AMR	male
HG01242	PUR	AMR	female
HG01247	PUR	AMR	male
HG01248	PUR	AMR	female
HG01250	CLM	AMR	male
HG01251	CLM	AMR	female
HG01253	CLM	AMR	male
HG01254	CLM	AMR	female
HG01256	CLM	AMR	male
HG01257	CLM	AMR	female
HG01259	CLM	AMR	male
HG01260	CLM	AMR	female
HG01269	CLM	AMR	female
HG01271	CLM	AMR	male
HG01272	CLM	AMR	female
HG01275	CLM	AMR	female
HG01277	CLM	AMR	male
HG01280	CLM	AMR	male
HG01281	CLM	AMR	female
HG01284	CLM	AMR	female
HG01286	PUR	AMR	male
HG01302	PUR	AMR	male
HG01303	PUR	AMR	female
HG01305	PUR	AMR	male
HG01308	PUR	AMR	male
HG01311	PUR	AMR	male
HG01312	PUR	AMR	female
HG01323	PUR	AMR	female
HG01325	PUR	AMR	male
HG01326	PUR	AMR	female
HG01334	GBR	EUR	male
HG01341	CLM	AMR	male
HG01342	CLM	AMR	female
HG01344	CLM	AMR	male
HG01345	CLM	AMR	female
HG01348	CLM	AMR	female
HG01350	CLM	AMR	male
HG01351	CLM	AMR	female
HG01353	CLM	AMR	male
HG01354	CLM	AMR	female
HG01356	CLM	AMR	male
HG01357	CLM	AMR	female
HG01359	CLM	AMR	male
HG01360	CLM	AMR	female
HG01362	CLM	AMR	male
HG01363	CLM	AMR	female
HG01365	CLM	AMR	male
HG01366	CLM	AMR	female
HG01369	CLM	AMR	female
HG01372	CLM	AMR	female
HG01374	CLM	AMR	male
HG01375	CLM	AMR	female
HG01377	CLM	AMR	male
HG01378	CLM	AMR	female
HG01383	CLM	AMR	male
HG01384	CLM	AMR	female
HG01389	CLM	AMR	male
HG01390	CLM	AMR	female
HG01392	PUR	AMR	male
HG01393	PUR	AMR	female
HG01395	PUR	AMR	male
HG01396	PUR	AMR	female
HG01398	PUR	AMR	male
HG01402	PUR	AMR	male
HG01403	PUR	AMR	female
HG01405	PUR	AMR	male
HG01412	PUR	AMR	male
HG01413	PUR	AMR	male
HG01414	PUR	AMR	female
HG01431	CLM	AMR	male
HG01432	CLM	AMR	female
HG01435	CLM	AMR	female
HG01437	CLM	AMR	male
HG01438	CLM	AMR	female
HG01440	CLM	AMR	male
HG01441	CLM	AMR	female
HG01443	CLM	AMR	male
HG01444	CLM	AMR	female
HG01447	CLM	AMR	female
HG01455	CLM	AMR	male
HG01456	CLM	AMR	female
HG01459	CLM	AMR	female
HG01461	CLM	AMR	male
HG01462	CLM	AMR	female
HG01464	CLM	AMR	male
HG01465	CLM	AMR	female
HG01468	CLM	AMR	female
HG01474	CLM	AMR	female
HG01479	CLM	AMR	male
HG01485	CLM	AMR	male
HG01486	CLM	AMR	female
HG01488	CLM	AMR	male
HG01489	CLM	AMR	female
HG01491	CLM	AMR	male
HG01492	CLM	AMR	female
HG01494	CLM	AMR	male
HG01495	CLM	AMR	female
HG01497	CLM	AMR	male
HG01498	CLM	AMR	female
HG01500	IBS	EUR	male
HG01501	IBS	EUR	female
HG01503	IBS	EUR	male
HG01504	IBS	EUR	female
HG01506	IBS	EUR	male
HG01507	IBS	EUR	female
HG01509	IBS	EUR	male
HG01510	IBS	EUR	female
HG01512	IBS	EUR	male
HG01513	IBS	EUR	female
HG01515	IBS	EUR	male
HG01516	IBS	EUR	female
HG01518	IBS	EUR	male
HG01519	IBS	EUR	female
HG01521	IBS	EUR	male
HG01522	IBS	EUR	female
HG01524	IBS	EUR	male
HG01525	IBS	EUR	female
HG01527	IBS	EUR	male
HG01528	IBS	EUR	female
HG01530	IBS	EUR	male
HG01531	IBS	EUR	female
HG01536	IBS	EUR	male
HG01537	IBS	EUR	female
HG01550	CLM	AMR	male
HG01551	CLM	AMR	female
HG01556	CLM	AMR	male
HG01565	PEL	AMR	male
HG01566	PEL	AMR	female
HG01571	PEL	AMR	male
HG01572	PEL	AMR	female
HG01577	PEL	AMR	male
HG01578	PEL	AMR	female
HG01583	PJL	SAS	male
HG01586	PJL	SAS	male
HG01589	PJL	SAS	male
HG01593	PJL	SAS	female
HG01595	KHV	EAS	female
HG01596	KHV	EAS	male
HG01597	KHV	EAS	female
HG01598	KHV	EAS	female
HG01599	KHV	EAS	female
HG01600	KHV	EAS	female
HG01602	IBS	EUR	female
HG01603	IBS	EUR	male
HG01605	IBS	EUR	female
HG01606	IBS	EUR	male
HG01607	IBS	EUR	female
HG01608	IBS	EUR	male
HG01610	IBS	EUR	male
HG01612	IBS	EUR	female
HG01613	IBS	EUR	female
HG01615	IBS	EUR	male
HG01617	IBS	EUR	male
HG01618	IBS	EUR	female
HG01619	IBS	EUR	male
HG01620	IBS	EUR	female
HG01623	IBS	EUR	female
HG01624	IBS	EUR	male
HG01625	IBS	EUR	male
HG01626	IBS	EUR	female
HG01628	IBS	EUR	female
HG01630	IBS	EUR	male
HG01631	IBS	EUR	male
HG01632	IBS	EUR	female
HG01668	IBS	EUR	female
HG01669	IBS	EUR	male
HG01670	IBS	EUR	female
HG01672	IBS	EUR	male
HG01673	IBS	EUR	female
HG01675	IBS	EUR	male
HG01676	IBS	EUR	female
HG01678	IBS	EUR	male
HG01679	IBS	EUR	female
HG01680	IBS	EUR	male
HG01682	IBS	EUR	male
HG01684	IBS	EUR	female
HG01685	IBS	EUR	female
HG01686	IBS	EUR	male
HG01694	IBS	EUR	male
HG01695	IBS	EUR	female
HG01697	IBS	EUR	female
HG01699	IBS	EUR	male
HG01700	IBS	EUR	male
HG01702	IBS	EUR	female
HG01704	IBS	EUR	female
HG01705	IBS	EUR	male
HG01707	IBS	EUR	female
HG01708	IBS	EUR	male
HG01709	IBS	EUR	male
HG01710	IBS	EUR	female
HG01746	IBS	EUR	female
HG01747	IBS	EUR	male
HG01756	IBS	EUR	male
HG01757	IBS	EUR	female
HG01761	IBS	EUR	male
HG01762	IBS	EUR	female
HG01765	IBS	EUR	male
HG01766	IBS	EUR	female
HG01767	IBS	EUR	male
HG01768	IBS	EUR	female
HG01770	IBS	EUR	female
HG01771	IBS	EUR	male
HG01773	IBS	EUR	female
HG01775	IBS	EUR	male
HG01776	IBS	EUR	female
HG01777	IBS	EUR	male
HG01779	IBS	EUR	female
HG01781	IBS	EUR	male
HG01783	IBS	EUR	male
HG01784	IBS	EUR	female
HG01785	IBS	EUR	male
HG01786	IBS	EUR	female
HG01789	GBR	EUR	male
HG01790	GBR	EUR	female
HG01791	GBR	EUR	male
HG01794	CDX	EAS	female
HG01795	CDX	EAS	female
HG01796	CDX	EAS	female
HG01797	CDX	EAS	female
HG01798	CDX	EAS	female
HG01799	CDX	EAS	female
HG01800	CDX	EAS	female
HG01801	CDX	EAS	female
HG01802	CDX	EAS	female
HG01804	CDX	EAS	female
HG01805	CDX	EAS	female
HG01806	CDX	EAS	female
HG01807	CDX	EAS	female
HG01808	CDX	EAS	female
HG01809	CDX	EAS	female
HG01810	CDX	EAS	male
HG01811	CDX	EAS	male
HG01812	CDX	EAS	female
HG01813	CDX	EAS	female
HG01815	CDX	EAS	female
HG01816	CDX	EAS	male
HG01817	CDX	EAS	female
HG01840	KHV	EAS	male
HG01841	KHV	EAS	female
HG01842	KHV	EAS	male
HG01843	KHV	EAS	female
HG01844	KHV	EAS	male
HG01845	KHV	EAS	female
HG01846	KHV	EAS	male
HG01847	KHV	EAS	female
HG01848	KHV	EAS	female
HG01849	KHV	EAS	male
HG01850	KHV	EAS	female
HG01851	KHV	EAS	female
HG01852	KHV	EAS	male
HG01853	KHV	EAS	female
HG01855	KHV	EAS	female
HG01857	KHV	EAS	female
HG01858	KHV	EAS	female
HG01859	KHV	EAS	female
HG01860	KHV	EAS	male
HG01861	KHV	EAS	male
HG01862	KHV	EAS	female
HG01863	KHV	EAS	female
HG01864	KHV	EAS	male
HG01865	KHV	EAS	male
HG01866	KHV	EAS	male
HG01867	KHV	EAS	male
HG01868	KHV	EAS	female
HG01869	KHV	EAS	female
HG01870	KHV	EAS	female
HG01871	KHV	EAS	female
HG01872	KHV	EAS	male
HG01873	KHV	EAS	male
HG01874	KHV	EAS	female
HG01878	KHV	EAS	female
HG01879	ACB	AFR	male
HG01880	ACB	AFR	female
HG01882	ACB	AFR	male
HG01883	ACB	AFR	female
HG01885	ACB	AFR	male
HG01886	ACB	AFR	female
HG01889	ACB	AFR	female
HG01890	ACB	AFR	male
HG01892	PEL	AMR	male
HG01893	PEL	AMR	female
HG01894	ACB	AFR	female
HG01896	ACB	AFR	female
HG01912	ACB	AFR	male
HG01914	ACB	AFR	male
HG01915	ACB	AFR	female
HG01917	PEL	AMR	male
HG01918	PEL	AMR	female
HG01920	PEL	AMR	male
HG01921	PEL	AMR	female
HG01923	PEL	AMR	male
HG01924	PEL	AMR	female
HG01926	PEL	AMR	male
HG01927	PEL	AMR	female
HG01932	PEL	AMR	male
HG01933	PEL	AMR	female
HG01935	PEL	AMR	male
HG01936	PEL	AMR	female
HG01938	PEL	AMR	male
HG01939	PEL	AMR	female
HG01941	PEL	AMR	male
HG01942	PEL	AMR	female
HG01944	PEL	AMR	male
HG01945	PEL	AMR	female
HG01947	PEL	AMR	male
HG01948	PEL	AMR	female
HG01950	PEL	AMR	male
HG01951	PEL	AMR	female
HG01953	PEL	AMR	male
HG01954	PEL	AMR	female
HG01956	ACB	AFR	female
HG01958	ACB	AFR	female
HG01961	PEL	AMR	male
HG01965	PEL	AMR	female
HG01967	PEL	AMR	male
HG01968	PEL	AMR	female
HG01970	PEL	AMR	male
HG01971	PEL	AMR	female
HG01973	PEL	AMR	female
HG01974	PEL	AMR	male
HG01976	PEL	AMR	female
HG01977	PEL	AMR	male
HG01979	PEL	AMR	male
HG01980	PEL	AMR	female
HG01982	PEL	AMR	male
HG01985	ACB	AFR	female
HG01986	ACB	AFR	male
HG01988	ACB	AFR	male
HG01989	ACB	AFR	female
HG01990	ACB	AFR	male
HG01991	PEL	AMR	male
HG01992	PEL	AMR	female
HG01997	PEL	AMR	female
HG02002	PEL	AMR	male
HG02003	PEL	AMR	female
HG02006	PEL	AMR	female
HG02008	PEL	AMR	male
HG02009	ACB	AFR	male
HG02010	ACB	AFR	female
HG02012	ACB	AFR	female
HG02013	ACB	AFR	male
HG02014	ACB	AFR	male
HG02016	KHV	EAS	female
HG02017	KHV	EAS	male
HG02019	KHV	EAS	female
HG02020	KHV	EAS	male
HG02023	KHV	EAS	male
HG02025	KHV	EAS	female
HG02026	KHV	EAS	male
HG02028	KHV	EAS	female
HG02029	KHV	EAS	male
HG02031	KHV	EAS	female
HG02032	KHV	EAS	male
HG02035	KHV	EAS	male
HG02040	KHV	EAS	male
HG02047	KHV	EAS	male
HG02048	KHV	EAS	female
HG02049	KHV	EAS	female
HG02050	KHV	EAS	male
HG02051	ACB	AFR	male
HG02052	ACB	AFR	female
HG02053	ACB	AFR	male
HG02054	ACB	AFR	female
HG02057	KHV	EAS	female
HG02058	KHV	EAS	male
HG02060	KHV	EAS	female
HG02061	KHV	EAS	male
HG02064	KHV	EAS	male
HG02067	KHV	EAS	male
HG02069	KHV	EAS	female
HG02070	KHV	EAS	male
HG02072	KHV	EAS	female
HG02073	KHV	EAS	male
HG02075	KHV	EAS	female
HG02076	KHV	EAS	male
HG02078	KHV	EAS	female
HG02079	KHV	EAS	male
HG02081	KHV	EAS	female
HG02082	KHV	EAS	male
HG02084	KHV	EAS	female
HG02085	KHV	EAS	male
HG02086	KHV	EAS	female
HG02087	KHV	EAS	female
HG02088	KHV	EAS	male
HG02089	PEL	AMR	female
HG02090	PEL	AMR	male
HG02095	ACB	AFR	female
HG02102	PEL	AMR	female
HG02104	PEL	AMR	male
HG02105	PEL	AMR	female
HG02107	ACB	AFR	male
HG02108	ACB	AFR	female
HG02111	ACB	AFR	female
HG02113	KHV	EAS	female
HG02116	KHV	EAS	male
HG02121	KHV	EAS	female
HG02122	KHV	EAS	male
HG02127	KHV	EAS	female
HG02128	KHV	EAS	male
HG02130	KHV	EAS	female
HG02131	KHV	EAS	male
HG02133	KHV	EAS	female
HG02134	KHV	EAS	male
HG02136	KHV	EAS	female
HG02137	KHV	EAS	male
HG02138	KHV	EAS	male
HG02139	KHV	EAS	female
HG02140	KHV	EAS	female
HG02141	KHV	EAS	male
HG02142	KHV	EAS	female
HG02143	ACB	AFR	male
HG02144	ACB	AFR	female
HG02146	PEL	AMR	male
HG02147	PEL	AMR	female
HG02150	PEL	AMR	male
HG02151	CDX	EAS	female
HG02152	CDX	EAS	female
HG02153	CDX	EAS	female
HG02154	CDX	EAS	female
HG02155	CDX	EAS	female
HG02156	CDX	EAS	female
HG02164	CDX	EAS	female
HG02165	CDX	EAS	female
HG02166	CDX	EAS	female
HG02178	CDX	EAS	female
HG02179	CDX	EAS	female
HG02180	CDX	EAS	female
HG02181	CDX	EAS	female
HG02182	CDX	EAS	female
HG02184	CDX	EAS	female
HG02185	CDX	EAS	female
HG02186	CDX	EAS	female
HG02187	CDX	EAS	female
HG02188	CDX	EAS	female
HG02190	CDX	EAS	female
HG02215	GBR	EUR	female
HG02219	IBS	EUR	male
HG02220	IBS	EUR	female
HG02221	IBS	EUR	male
HG02223	IBS	EUR	female
HG02224	IBS	EUR	male
HG02230	IBS	EUR	female
HG02231	IBS	EUR	male
HG02232	IBS	EUR	female
HG02233	IBS	EUR	male
HG02235	IBS	EUR	female
HG02236	IBS	EUR	male
HG02238	IBS	EUR	male
HG02239	IBS	EUR	female
HG02250	CDX	EAS	male
HG02252	PEL	AMR	female
HG02253	PEL	AMR	male
HG02255	ACB	AFR	male
HG02256	ACB	AFR	female
HG02259	PEL	AMR	male
HG02260	PEL	AMR	female
HG02262	PEL	AMR	male
HG02265	PEL	AMR	male
HG02266	PEL	AMR	female
HG02271	PEL	AMR	male
HG02272	PEL	AMR	female
HG02274	PEL	AMR	male
HG02275	PEL	AMR	female
HG02277	PEL	AMR	male
HG02278	PEL	AMR	female
HG02281	ACB	AFR	male
HG02282	ACB	AFR	female
HG02283	ACB	AFR	male
HG02284	ACB	AFR	male
HG02285	PEL	AMR	male
HG02286	PEL	AMR	female
HG02291	PEL	AMR	male
HG02292	PEL	AMR	female
HG02298	PEL	AMR	female
HG02299	PEL	AMR	male
HG02301	PEL	AMR	female
HG02304	PEL	AMR	male
HG02307	ACB	AFR	male
HG02308	ACB	AFR	female
HG02309	ACB	AFR	female
HG02312	PEL	AMR	female
HG02314	ACB	AFR	male
HG02315	ACB	AFR	female
HG02317	ACB	AFR	male
HG02318	ACB	AFR	female
HG02322	ACB	AFR	female
HG02323	ACB	AFR	male
HG02325	ACB	AFR	female
HG02330	ACB	AFR	male
HG02332	ACB	AFR	male
HG02334	ACB	AFR	male
HG02337	ACB	AFR	female
HG02339	ACB	AFR	female
HG02343	ACB	AFR	male
HG02345	PEL	AMR	female
HG02348	PEL	AMR	female
HG02351	CDX	EAS	male
HG02353	CDX	EAS	male
HG02355	CDX	EAS	male
HG02356	CDX	EAS	male
HG02360	CDX	EAS	male
HG02364	CDX	EAS	male
HG02367	CDX	EAS	male
HG02371	CDX	EAS	male
HG02373	CDX	EAS	male
HG02374	CDX	EAS	male
HG02375	CDX	EAS	male
HG02379	CDX	EAS	male
HG02380	CDX	EAS	male
HG02382	CDX	EAS	male
HG02383	CDX	EAS	male
HG02384	CDX	EAS	male
HG02385	CDX	EAS	male
HG02386	CDX	EAS	male
HG02389	CDX	EAS	male
HG02390	CDX	EAS	male
HG02391	CDX	EAS	male
HG02392	CDX	EAS	male
HG02394	CDX	EAS	male
HG02395	CDX	EAS	male
HG02396	CDX	EAS	male
HG02397	CDX	EAS	male
HG02398	CDX	EAS	male
HG02399	CDX	EAS	male
HG02401	CDX	EAS	male
HG02402	CDX	EAS	male
HG02406	CDX	EAS	male
HG02407	CDX	EAS	male
HG02408	CDX	EAS	male
HG02409	CDX	EAS	male
HG02410	CDX	EAS	male
HG02419	ACB	AFR	female
HG02420	ACB	AFR	male
HG02425	PEL	AMR	female
HG02427	ACB	AFR	female
HG02429	ACB	AFR	male
HG02433	ACB	AFR	male
HG02439	ACB	AFR	male
HG02442	ACB	AFR	male
HG02445	ACB	AFR	male
HG02449	ACB	AFR	male
HG02450	ACB	AFR	female
HG02455	ACB	AFR	male
HG02461	GWD	AFR	male
HG02462	GWD	AFR	female
HG02464	GWD	AFR	male
HG02465	GWD	AFR	female
HG02470	ACB	AFR	male
HG02471	ACB	AFR	female
HG02476	ACB	AFR	female
HG02477	ACB	AFR	female
HG02479	ACB	AFR	female
HG02481	ACB	AFR	male
HG02484	ACB	AFR	male
HG02485	ACB	AFR	female
HG02489	ACB	AFR	male
HG02490	PJL	SAS	male
HG02491	PJL	SAS	female
HG02493	PJL	SAS	male
HG02494	PJL	SAS	female
HG02496	ACB	AFR	male
HG02497	ACB	AFR	female
HG02501	ACB	AFR	male
HG02502	ACB	AFR	female
HG02505	ACB	AFR	female
HG02508	ACB	AFR	female
HG02511	ACB	AFR	female
HG02512	KHV	EAS	male
HG02513	KHV	EAS	female
HG02521	KHV	EAS	male
HG02522	KHV	EAS	female
HG02536	ACB	AFR	male
HG02537	ACB	AFR	female
HG02541	ACB	AFR	male
HG02545	ACB	AFR	male
HG02546	ACB	AFR	female
HG02549	ACB	AFR	female
HG02554	ACB	AFR	male
HG02555	ACB	AFR	female
HG02557	ACB	AFR	male
HG02558	ACB	AFR	female
HG02561	GWD	AFR	male
HG02562	GWD	AFR	female
HG02568	GWD	AFR	female
HG02570	GWD	AFR	male
HG02571	GWD	AFR	female
HG02573	GWD	AFR	male
HG02574	GWD	AFR	female
HG02577	ACB	AFR	female
HG02580	ACB	AFR	female
HG02582	GWD	AFR	male
HG02583	GWD	AFR	female
HG02585	GWD	AFR	male
HG02586	GWD	AFR	female
HG02588	GWD	AFR	male
HG02589	GWD	AFR	female
HG02594	GWD	AFR	male
HG02595	GWD	AFR	female
HG02597	PJL	SAS	male
HG02600	PJL	SAS	male
HG02601	PJL	SAS	female
HG02603	PJL	SAS	male
HG02604	PJL	SAS	female
HG02610	GWD	AFR	male
HG02611	GWD	AFR	female
HG02613	GWD	AFR	male
HG02614	GWD	AFR	female
HG02620	GWD	AFR	male
HG02621	GWD	AFR	female
HG02623	GWD	AFR	male
HG02624	GWD	AFR	female
HG02628	GWD	AFR	male
HG02629	GWD	AFR	female
HG02634	GWD	AFR	male
HG02635	GWD	AFR	female
HG02642	GWD	AFR	male
HG02643	GWD	AFR	female
HG02645	GWD	AFR	male
HG02646	GWD	AFR	female
HG02648	PJL	SAS	male
HG02649	PJL	SAS	female
HG02651	PJL	SAS	male
HG02652	PJL	SAS	female
HG02654	PJL	SAS	male
HG02655	PJL	SAS	female
HG02657	PJL	SAS	male
HG02658	PJL	SAS	female
HG02660	PJL	SAS	male
HG02661	PJL	SAS	female
HG02666	GWD	AFR	male
HG02667	GWD	AFR	female
HG02675	GWD	AFR	male
HG02676	GWD	AFR	female
HG02678	GWD	AFR	male
HG02679	GWD	AFR	female
HG02681	PJL	SAS	male
HG02682	PJL	SAS	female
HG02684	PJL	SAS	male
HG02685	PJL	SAS	female
HG02687	PJL	SAS	male
HG02688	PJL	SAS	female
HG02690	PJL	SAS	male
HG02691	PJL	SAS	female
HG02694	PJL	SAS	female
HG02696	PJL	SAS	male
HG02697	PJL	SAS	female
HG02699	PJL	SAS	male
HG02700	PJL	SAS	female
HG02702	GWD	AFR	male
HG02703	GWD	AFR	female
HG02715	GWD	AFR	male
HG02716	GWD	AFR	female
HG02721	GWD	AFR	male
HG02722	GWD	AFR	female
HG02724	PJL	SAS	male
HG02725	PJL	SAS	female
HG02727	PJL	SAS	male
HG02728	PJL	SAS	female
HG02731	PJL	SAS	female
HG02733	PJL	SAS	male
HG02734	PJL	SAS	female
HG02736	PJL	SAS	male
HG02737	PJL	SAS	female
HG02756	GWD	AFR	male
HG02757	GWD	AFR	female
HG02759	GWD	AFR	male
HG02760	GWD	AFR	female
HG02763	GWD	AFR	female
HG02768	GWD	AFR	male
HG02769	GWD	AFR	female
HG02771	GWD	AFR	male
HG02772	GWD	AFR	female
HG02774	PJL	SAS	male
HG02775	PJL	SAS	female
HG02778	PJL	SAS	female
HG02780	PJL	SAS	male
HG02783	PJL	SAS	male
HG02784	PJL	SAS	female
HG02786	PJL	SAS	male
HG02787	PJL	SAS	female
HG02789	PJL	SAS	male
HG02790	PJL	SAS	female
HG02792	PJL	SAS	male
HG02793	PJL	SAS	female
HG02798	GWD	AFR	male
HG02799	GWD	AFR	female
HG02804	GWD	AFR	male
HG02805	GWD	AFR	female
HG02807	GWD	AFR	male
HG02808	GWD	AFR	female
HG02810	GWD	AFR	male
HG02811	GWD	AFR	female
HG02813	GWD	AFR	male
HG02814	GWD	AFR	female
HG02816	GWD	AFR	male
HG02817	GWD	AFR	female
HG02819	GWD	AFR	male
HG02820	GWD	AFR	female
HG02836	GWD	AFR	male
HG02837	GWD	AFR	female
HG02839	GWD	AFR	male
HG02840	GWD	AFR	female
HG02851	GWD	AFR	male
HG02852	GWD	AFR	female
HG02854	GWD	AFR	male
HG02855	GWD	AFR	female
HG02860	GWD	AFR	male
HG02861	GWD	AFR	female
HG02870	GWD	AFR	female
HG02878	GWD	AFR	male
HG02879	GWD	AFR	female
HG02881	GWD	AFR	male
HG02882	GWD	AFR	female
HG02884	GWD	AFR	male
HG02885	GWD	AFR	female
HG02887	GWD	AFR	male
HG02888	GWD	AFR	female
HG02890	GWD	AFR	male
HG02891	GWD	AFR	female
HG02895	GWD	AFR	male
HG02896	GWD	AFR	female
HG02922	ESN	AFR	female
HG02923	ESN	AFR	male
HG02938	ESN	AFR	male
HG02941	ESN	AFR	male
HG02943	ESN	AFR	female
HG02944	ESN	AFR	male
HG02946	ESN	AFR	female
HG02947	ESN	AFR	male
HG02952	ESN	AFR	female
HG02953	ESN	AFR	male
HG02968	ESN	AFR	male
HG02970	ESN	AFR	female
HG02971	ESN	AFR	male
HG02973	ESN	AFR	male
HG02974	ESN	AFR	female
HG02976	ESN	AFR	female
HG02977	ESN	AFR	male
HG02979	ESN	AFR	female
HG02981	ESN	AFR	male
HG02982	GWD	AFR	male
HG02983	GWD	AFR	female
HG03006	BEB	SAS	male
HG03007	BEB	SAS	female
HG03009	BEB	SAS	male
HG03012	BEB	SAS	male
HG03015	PJL	SAS	male
HG03016	PJL	SAS	female
HG03018	PJL	SAS	male
HG03019	PJL	SAS	female
HG03021	PJL	SAS	male
HG03022	PJL	SAS	female
HG03024	GWD	AFR	male
HG03025	GWD	AFR	female
HG03027	GWD	AFR	male
HG03028	GWD	AFR	female
HG03039	GWD	AFR	male
HG03040	GWD	AFR	female
HG03045	GWD	AFR	male
HG03046	GWD	AFR	female
HG03048	GWD	AFR	male
HG03049	GWD	AFR	female
HG03052	MSL	AFR	female
HG03054	MSL	AFR	male
HG03055	MSL	AFR	female
HG03057	MSL	AFR	male
HG03058	MSL	AFR	female
HG03060	MSL	AFR	male
HG03061	MSL	AFR	female
HG03063	MSL	AFR	male
HG03064	MSL	AFR	female
HG03066	MSL	AFR	male
HG03069	MSL	AFR	male
HG03072	MSL	AFR	male
HG03073	MSL	AFR	female
HG03074	MSL	AFR	male
HG03077	MSL	AFR	male
HG03078	MSL	AFR	male
HG03079	MSL	AFR	female
HG03081	MSL	AFR	male
HG03082	MSL	AFR	female
HG03084	MSL	AFR	male
HG03085	MSL	AFR	female
HG03086	MSL	AFR	female
HG03088	MSL	AFR	female
HG03091	MSL	AFR	female
HG03095	MSL	AFR	female
HG03096	MSL	AFR	male
HG03097	MSL	AFR	female
HG03099	ESN	AFR	female
HG03100	ESN	AFR	male
HG03103	ESN	AFR	male
HG03105	ESN	AFR	female
HG03108	ESN	AFR	female
HG03109	ESN	AFR	male
HG03111	ESN	AFR	female
HG03112	ESN	AFR	male
HG03114	ESN	AFR	female
HG03115	ESN	AFR	male
HG03117	ESN	AFR	female
HG03118	ESN	AFR	male
HG03120	ESN	AFR	male
HG03121	ESN	AFR	female
HG03123	ESN	AFR	female
HG03124	ESN	AFR	male
HG03126	ESN	AFR	female
HG03127	ESN	AFR	male
HG03129	ESN	AFR	female
HG03130	ESN	AFR	male
HG03132	ESN	AFR	female
HG03133	ESN	AFR	male
HG03135	ESN	AFR	female
HG03136	ESN	AFR	male
HG03139	ESN	AFR	male
HG03157	ESN	AFR	male
HG03159	ESN	AFR	female
HG03160	ESN	AFR	male
HG03162	ESN	AFR	female
HG03163	ESN	AFR	male
HG03166	ESN	AFR	male
HG03168	ESN	AFR	female
HG03169	ESN	AFR	male
HG03172	ESN	AFR	male
HG03175	ESN	AFR	male
HG03189	ESN	AFR	female
HG03190	ESN	AFR	male
HG03193	ESN	AFR	male
HG03195	ESN	AFR	female
HG03196	ESN	AFR	male
HG03198	ESN	AFR	female
HG03199	ESN	AFR	male
HG03202	ESN	AFR	male
HG03209	MSL	AFR	male
HG03212	MSL	AFR	female
HG03224	MSL	AFR	male
HG03225	MSL	AFR	male
HG03228	PJL	SAS	male
HG03229	PJL	SAS	female
HG03234	PJL	SAS	male
HG03235	PJL	SAS	female
HG03237	PJL	SAS	male
HG03238	PJL	SAS	female
HG03240	GWD	AFR	male
HG03241	GWD	AFR	female
HG03246	GWD	AFR	male
HG03247	GWD	AFR	female
HG03258	GWD	AFR	male
HG03259	GWD	AFR	female
HG03265	ESN	AFR	male
HG03267	ESN	AFR	female
HG03268	ESN	AFR	male
HG03270	ESN	AFR	female
HG03271	ESN	AFR	male
HG03279	ESN	AFR	female
HG03280	ESN	AFR	male
HG03291	ESN	AFR	female
HG03294	ESN	AFR	female
HG03295	ESN	AFR	male
HG03297	ESN	AFR	female
HG03298	ESN	AFR	male
HG03300	ESN	AFR	female
HG03301	ESN	AFR	male
HG03303	ESN	AFR	female
HG03304	ESN	AFR	male
HG03311	ESN	AFR	male
HG03313	ESN	AFR	male
HG03342	ESN	AFR	female
HG03343	ESN	AFR	male
HG03351	ESN	AFR	female
HG03352	ESN	AFR	male
HG03354	ESN	AFR	female
HG03363	ESN	AFR	female
HG03366	ESN	AFR	female
HG03367	ESN	AFR	male
HG03369	ESN	AFR	female
HG03370	ESN	AFR	male
HG03372	ESN	AFR	female
HG03376	MSL	AFR	male
HG03378	MSL	AFR	female
HG03380	MSL	AFR	female
HG03382	MSL	AFR	male
HG03385	MSL	AFR	male
HG03388	MSL	AFR	male
HG03391	MSL	AFR	male
HG03394	MSL	AFR	male
HG03397	MSL	AFR	male
HG03401	MSL	AFR	female
HG03410	MSL	AFR	female
HG03419	MSL	AFR	female
HG03428	MSL	AFR	female
HG03432	MSL	AFR	male
HG03433	MSL	AFR	male
HG03436	MSL	AFR	male
HG03437	MSL	AFR	female
HG03439	MSL	AFR	male
HG03442	MSL	AFR	male
HG03445	MSL	AFR	male
HG03446	MSL	AFR	female
HG03449	MSL	AFR	female
HG03451	MSL	AFR	male
HG03452	MSL	AFR	female
HG03455	MSL	AFR	female
HG03457	MSL	AFR	male
HG03458	MSL	AFR	female
HG03460	MSL	AFR	male
HG03461	MSL	AFR	female
HG03464	MSL	AFR	female
HG03469	MSL	AFR	male
HG03470	MSL	AFR	female
HG03472	MSL	AFR	male
HG03473	MSL	AFR	female
HG03476	MSL	AFR	female
HG03478	MSL	AFR	male
HG03479	MSL	AFR	female
HG03484	MSL	AFR	male
HG03485	MSL	AFR	female
HG03488	PJL	SAS	female
HG03490	PJL	SAS	male
HG03491	PJL	SAS	female
HG03499	ESN	AFR	female
HG03511	ESN	AFR	female
HG03514	ESN	AFR	female
HG03515	ESN	AFR	male
HG03517	ESN	AFR	female
HG03518	ESN	AFR	male
HG03520	ESN	AFR	female
HG03521	ESN	AFR	male
HG03538	GWD	AFR	male
HG03539	GWD	AFR	female
HG03547	MSL	AFR	male
HG03548	MSL	AFR	female
HG03556	MSL	AFR	male
HG03557	MSL	AFR	female
HG03558	MSL	AFR	female
HG03559	MSL	AFR	male
HG03563	MSL	AFR	female
HG03565	MSL	AFR	male
HG03567	MSL	AFR	female
HG03571	MSL	AFR	male
HG03572	MSL	AFR	female
HG03575	MSL	AFR	female
HG03577	MSL	AFR	male
HG03578	MSL	AFR	female
HG03583	MSL	AFR	female
HG03585	BEB	SAS	male
HG03589	BEB	SAS	female
HG03593	BEB	SAS	male
HG03594	BEB	SAS	male
HG03595	BEB	SAS	female
HG03598	BEB	SAS	female
HG03600	BEB	SAS	male
HG03603	BEB	SAS	male
HG03604	BEB	SAS	female
HG03607	BEB	SAS	female
HG03611	BEB	SAS	female
HG03615	BEB	SAS	male
HG03616	BEB	SAS	female
HG03619	PJL	SAS	female
HG03624	PJL	SAS	male
HG03625	PJL	SAS	female
HG03629	PJL	SAS	male
HG03631	PJL	SAS	female
HG03634	PJL	SAS	female
HG03636	PJL	SAS	male
HG03640	PJL	SAS	female
HG03642	STU	SAS	female
HG03643	STU	SAS	female
HG03644	STU	SAS	male
HG03645	STU	SAS	female
HG03646	STU	SAS	male
HG03649	PJL	SAS	male
HG03652	PJL	SAS	male
HG03653	PJL	SAS	female
HG03660	PJL	SAS	male
HG03663	PJL	SAS	male
HG03667	PJL	SAS	male
HG03668	PJL	SAS	female
HG03672	STU	SAS	male
HG03673	STU	SAS	female
HG03679	STU	SAS	male
HG03680	STU	SAS	male
HG03681	STU	SAS	male
HG03684	STU	SAS	female
HG03685	STU	SAS	male
HG03686	STU	SAS	male
HG03687	STU	SAS	male
HG03689	STU	SAS	female
HG03690	STU	SAS	female
HG03691	STU	SAS	male
HG03692	STU	SAS	female
HG03693	STU	SAS	male
HG03694	STU	SAS	male
HG03695	STU	SAS	male
HG03696	STU	SAS	male
HG03697	STU	SAS	male
HG03698	STU	SAS	female
HG03702	PJL	SAS	male
HG03703	PJL	SAS	female
HG03705	PJL	SAS	male
HG03706	PJL	SAS	female
HG03708	PJL	SAS	male
HG03709	PJL	SAS	female
HG03711	STU	SAS	male
HG03713	ITU	SAS	male
HG03714	ITU	SAS	female
HG03716	ITU	SAS	male
HG03717	ITU	SAS	female
HG03718	ITU	SAS	male
HG03720	ITU	SAS	male
HG03722	ITU	SAS	female
HG03727	ITU	SAS	male
HG03729	ITU	SAS	male
HG03730	ITU	SAS	female
HG03731	ITU	SAS	female
HG03733	STU	SAS	female
HG03736	STU	SAS	female
HG03738	STU	SAS	male
HG03740	STU	SAS	male
HG03741	STU	SAS	female
HG03742	ITU	SAS	male
HG03743	STU	SAS	male
HG03744	STU	SAS	male
HG03745	STU	SAS	male
HG03746	STU	SAS	male
HG03750	STU	SAS	male
HG03752	STU	SAS	female
HG03753	STU	SAS	male
HG03754	STU	SAS	female
HG03755	STU	SAS	male
HG03756	STU	SAS	female
HG03757	STU	SAS	female
HG03760	STU	SAS	female
HG03762	PJL	SAS	female
HG03765	PJL	SAS	female
HG03767	PJL	SAS	male
HG03770	ITU	SAS	female
HG03771	ITU	SAS	male
HG03772	ITU	SAS	female
HG03773	ITU	SAS	male
HG03774	ITU	SAS	female
HG03775	ITU	SAS	male
HG03777	ITU	SAS	male
HG03778	ITU	SAS	male
HG03779	ITU	SAS	male
HG03780	ITU	SAS	female
HG03781	ITU	SAS	female
HG03782	ITU	SAS	female
HG03784	ITU	SAS	female
HG03785	ITU	SAS	male
HG03786	ITU	SAS	male
HG03787	ITU	SAS	female
HG03788	ITU	SAS	male
HG03789	ITU	SAS	female
HG03790	ITU	SAS	male
HG03792	ITU	SAS	male
HG03793	BEB	SAS	female
HG03796	BEB	SAS	female
HG03800	BEB	SAS	male
HG03802	BEB	SAS	female
HG03803	BEB	SAS	male
HG03805	BEB	SAS	female
HG03808	BEB	SAS	female
HG03809	BEB	SAS	male
HG03812	BEB	SAS	male
HG03814	BEB	SAS	female
HG03815	BEB	SAS	male
HG03817	BEB	SAS	female
HG03821	BEB	SAS	male
HG03823	BEB	SAS	female
HG03824	BEB	SAS	male
HG03826	BEB	SAS	female
HG03829	BEB	SAS	female
HG03830	BEB	SAS	male
HG03832	BEB	SAS	female
HG03833	BEB	SAS	male
HG03836	STU	SAS	female
HG03837	STU	SAS	male
HG03838	STU	SAS	female
HG03844	STU	SAS	male
HG03846	STU	SAS	male
HG03848	STU	SAS	male
HG03849	STU	SAS	female
HG03850	STU	SAS	male
HG03851	STU	SAS	male
HG03854	STU	SAS	male
HG03856	STU	SAS	male
HG03857	STU	SAS	female
HG03858	STU	SAS	female
HG03861	ITU	SAS	female
HG03862	ITU	SAS	female
HG03863	ITU	SAS	female
HG03864	ITU	SAS	male
HG03866	ITU	SAS	male
HG03867	ITU	SAS	male
HG03868	ITU	SAS	female
HG03869	ITU	SAS	male
HG03870	ITU	SAS	male
HG03871	ITU	SAS	male
HG03872	ITU	SAS	male
HG03873	ITU	SAS	female
HG03874	ITU	SAS	female
HG03875	ITU	SAS	male
HG03882	ITU	SAS	female
HG03884	STU	SAS	female
HG03885	STU	SAS	male
HG03886	STU	SAS	female
HG03887	STU	SAS	male
HG03888	STU	SAS	female
HG03890	STU	SAS	male
HG03894	STU	SAS	female
HG03895	STU	SAS	female
HG03896	STU	SAS	male
HG03897	STU	SAS	female
HG03898	STU	SAS	female
HG03899	STU	SAS	male
HG03900	STU	SAS	male
HG03902	BEB	SAS	male
HG03905	BEB	SAS	male
HG03907	BEB	SAS	female
HG03908	BEB	SAS	male
HG03910	BEB	SAS	female
HG03911	BEB	SAS	male
HG03913	BEB	SAS	female
HG03914	BEB	SAS	male
HG03916	BEB	SAS	female
HG03917	BEB	SAS	male
HG03919	BEB	SAS	female
HG03920	BEB	SAS	male
HG03922	BEB	SAS	female
HG03925	BEB	SAS	female
HG03926	BEB	SAS	male
HG03928	BEB	SAS	female
HG03931	BEB	SAS	female
HG03934	BEB	SAS	female
HG03937	BEB	SAS	female
HG03940	BEB	SAS	female
HG03941	BEB	SAS	male
HG03943	STU	SAS	male
HG03944	STU	SAS	female
HG03945	STU	SAS	female
HG03947	STU	SAS	female
HG03949	STU	SAS	female
HG03950	STU	SAS	male
HG03951	STU	SAS	female
HG03953	STU	SAS	male
HG03955	STU	SAS	female
HG03960	ITU	SAS	male
HG03963	ITU	SAS	male
HG03965	ITU	SAS	male
HG03967	ITU	SAS	male
HG03968	ITU	SAS	female
HG03969	ITU	SAS	male
HG03971	ITU	SAS	male
HG03973	ITU	SAS	female
HG03974	ITU	SAS	male
HG03976	ITU	SAS	male
HG03977	ITU	SAS	female
HG03978	ITU	SAS	male
HG03985	STU	SAS	male
HG03986	STU	SAS	female
HG03989	STU	SAS	female
HG03990	STU	SAS	male
HG03991	STU	SAS	male
HG03995	STU	SAS	female
HG03998	STU	SAS	male
HG03999	STU	SAS	male
HG04001	ITU	SAS	female
HG04002	ITU	SAS	male
HG04003	STU	SAS	male
HG04006	STU	SAS	male
HG04014	ITU	SAS	female
HG04015	ITU	SAS	male
HG04017	ITU	SAS	male
HG04018	ITU	SAS	female
HG04019	ITU	SAS	male
HG04020	ITU	SAS	male
HG04022	ITU	SAS	male
HG04023	ITU	SAS	male
HG04025	ITU	SAS	female
HG04026	ITU	SAS	female
HG04029	STU	SAS	female
HG04033	STU	SAS	male
HG04035	STU	SAS	female
HG04038	STU	SAS	female
HG04039	STU	SAS	male
HG04042	STU	SAS	female
HG04047	STU	SAS	female
HG04054	ITU	SAS	female
HG04056	ITU	SAS	male
HG04059	ITU	SAS	female
HG04060	ITU	SAS	male
HG04061	ITU	SAS	male
HG04062	ITU	SAS	female
HG04063	ITU	SAS	female
HG04070	ITU	SAS	female
HG04075	STU	SAS	female
HG04076	ITU	SAS	female
HG04080	ITU	SAS	male
HG04090	ITU	SAS	female
HG04093	ITU	SAS	male
HG04094	ITU	SAS	male
HG04096	ITU	SAS	male
HG04098	ITU	SAS	male
HG04099	STU	SAS	female
HG04100	STU	SAS	male
HG04106	STU	SAS	female
HG04107	STU	SAS	male
HG04118	ITU	SAS	female
HG04131	BEB	SAS	male
HG04134	BEB	SAS	male
HG04140	BEB	SAS	male
HG04141	BEB	SAS	female
HG04144	BEB	SAS	female
HG04146	BEB	SAS	male
HG04152	BEB	SAS	male
HG04153	BEB	SAS	female
HG04155	BEB	SAS	male
HG04156	BEB	SAS	female
HG04158	BEB	SAS	male
HG04159	BEB	SAS	female
HG04161	BEB	SAS	male
HG04162	BEB	SAS	female
HG04164	BEB	SAS	male
HG04171	BEB	SAS	female
HG04173	BEB	SAS	male
HG04176	BEB	SAS	male
HG04177	BEB	SAS	female
HG04180	BEB	SAS	female
HG04182	BEB	SAS	male
HG04183	BEB	SAS	female
HG04185	BEB	SAS	male
HG04186	BEB	SAS	female
HG04188	BEB	SAS	male
HG04189	BEB	SAS	female
HG04194	BEB	SAS	male
HG04195	BEB	SAS	female
HG04198	ITU	SAS	male
HG04200	ITU	SAS	female
HG04202	ITU	SAS	female
HG04206	ITU	SAS	male
HG04209	ITU	SAS	female
HG04210	STU	SAS	male
HG04211	ITU	SAS	male
HG04212	ITU	SAS	female
HG04214	ITU	SAS	female
HG04216	ITU	SAS	female
HG04219	ITU	SAS	male
HG04222	ITU	SAS	male
HG04225	ITU	SAS	male
HG04227	STU	SAS	female
HG04229	STU	SAS	male
HG04235	ITU	SAS	male
HG04238	ITU	SAS	male
HG04239	ITU	SAS	male
NA06984	CEU	EUR	male
NA06985	CEU	EUR	female
NA06986	CEU	EUR	male
NA06989	CEU	EUR	female
NA06994	CEU	EUR	male
NA07000	CEU	EUR	female
NA07037	CEU	EUR	female
NA07048	CEU	EUR	male
NA07051	CEU	EUR	male
NA07056	CEU	EUR	female
NA07347	CEU	EUR	male
NA07357	CEU	EUR	male
NA10847	CEU	EUR	female
NA10851	CEU	EUR	male
NA11829	CEU	EUR	male
NA11830	CEU	EUR	female
NA11831	CEU	EUR	male
NA11832	CEU	EUR	female
NA11840	CEU	EUR	female
NA11843	CEU	EUR	male
NA11881	CEU	EUR	male
NA11892	CEU	EUR	female
NA11893	CEU	EUR	male
NA11894	CEU	EUR	female
NA11918	CEU	EUR	female
NA11919	CEU	EUR	male
NA11920	CEU	EUR	female
NA11930	CEU	EUR	male
NA11931	CEU	EUR	female
NA11932	CEU	EUR	male
NA11933	CEU	EUR	female
NA11992	CEU	EUR	male
NA11994	CEU	EUR	male
NA11995	CEU	EUR	female
NA12003	CEU	EUR	male
NA12004	CEU	EUR	female
NA12005	CEU	EUR	male
NA12006	CEU	EUR	female
NA12043	CEU	EUR	male
NA12044	CEU	EUR	female
NA12045	CEU	EUR	male
NA12046	CEU	EUR	female
NA12058	CEU	EUR	female
NA12144	CEU	EUR	male
NA12154	CEU	EUR	male
NA12155	CEU	EUR	male
NA12156	CEU	EUR	female
NA12234	CEU	EUR	female
NA12249	CEU	EUR	female
NA12272	CEU	EUR	male
NA12273	CEU	EUR	female
NA12275	CEU	EUR	female
NA12282	CEU	EUR	male
NA12283	CEU	EUR	female
NA12286	CEU	EUR	male
NA12287	CEU	EUR	female
NA12340	CEU	EUR	male
NA12341	CEU	EUR	female
NA12342	CEU	EUR	male
NA12347	CEU	EUR	male
NA12348	CEU	EUR	female
NA12383	CEU	EUR	female
NA12399	CEU	EUR	male
NA12400	CEU	EUR	female
NA12413	CEU	EUR	male
NA12414	CEU	EUR	female
NA12489	CEU	EUR	female
NA12546	CEU	EUR	male
NA12716	CEU	EUR	male
NA12717	CEU	EUR	female
NA12718	CEU	EUR	female
NA12748	CEU	EUR	male
NA12749	CEU	EUR	female
NA12750	CEU	EUR	male
NA12751	CEU	EUR	female
NA12760	CEU	EUR	male
NA12761	CEU	EUR	female
NA12762	CEU	EUR	male
NA12763	CEU	EUR	female
NA12775	CEU	EUR	male
NA12776	CEU	EUR	female
NA12777	CEU	EUR	male
NA12778	CEU	EUR	female
NA12812	CEU	EUR	male
NA12813	CEU	EUR	female
NA12814	CEU	EUR	male
NA12815	CEU	EUR	female
NA12827	CEU	EUR	male
NA12828	CEU	EUR	female
NA12829	CEU	EUR	male
NA12830	CEU	EUR	female
NA12842	CEU	EUR	male
NA12843	CEU	EUR	female
NA12872	CEU	EUR	male
NA12873	CEU	EUR	female
NA12874	CEU	EUR	male
NA12878	CEU	EUR	female
NA12889	CEU	EUR	male
NA12890	CEU	EUR	female
NA18486	YRI	AFR	male
NA18488	YRI	AFR	female
NA18489	YRI	AFR	female
NA18498	YRI	AFR	male
NA18499	YRI	AFR	female
NA18501	YRI	AFR	male
NA18502	YRI	AFR	female
NA18504	YRI	AFR	male
NA18505	YRI	AFR	female
NA18507	YRI	AFR	male
NA18508	YRI	AFR	female
NA18510	YRI	AFR	male
NA18511	YRI	AFR	female
NA18516	YRI	AFR	male
NA18517	YRI	AFR	female
NA18519	YRI	AFR	male
NA18520	YRI	AFR	female
NA18522	YRI	AFR	male
NA18523	YRI	AFR	female
NA18525	CHB	EAS	female
NA18526	CHB	EAS	female
NA18528	CHB	EAS	female
NA18530	CHB	EAS	male
NA18531	CHB	EAS	female
NA18532	CHB	EAS	female
NA18533	CHB	EAS	female
NA18534	CHB	EAS	male
NA18535	CHB	EAS	female
NA18536	CHB	EAS	male
NA18537	CHB	EAS	female
NA18538	CHB	EAS	female
NA18539	CHB	EAS	female
NA18541	CHB	EAS	female
NA18542	CHB	EAS	female
NA18543	CHB	EAS	male
NA18544	CHB	EAS	male
NA18545	CHB	EAS	female
NA18546	CHB	EAS	male
NA18547	CHB	EAS	female
NA18548	CHB	EAS	male
NA18549	CHB	EAS	male
NA18550	CHB	EAS	female
NA18552	CHB	EAS	female
NA18553	CHB	EAS	female
NA18555	CHB	EAS	female
NA18557	CHB	EAS	male
NA18558	CHB	EAS	male
NA18559	CHB	EAS	male
NA18560	CHB	EAS	female
NA18561	CHB	EAS	male
NA18562	CHB	EAS	male
NA18563	CHB	EAS	male
NA18564	CHB	EAS	female
NA18565	CHB	EAS	female
NA18566	CHB	EAS	female
NA18567	CHB	EAS	female
NA18570	CHB	EAS	female
NA18571	CHB	EAS	female
NA18572	CHB	EAS	male
NA18573	CHB	EAS	female
NA18574	CHB	EAS	female
NA18577	CHB	EAS	female
NA18579	CHB	EAS	female
NA18582	CHB	EAS	female
NA18591	CHB	EAS	female
NA18592	CHB	EAS	female
NA18593	CHB	EAS	female
NA18595	CHB	EAS	female
NA18596	CHB	EAS	female
NA18597	CHB	EAS	female
NA18599	CHB	EAS	female
NA18602	CHB	EAS	female
NA18603	CHB	EAS	male
NA18605	CHB	EAS	male
NA18606	CHB	EAS	male
NA18608	CHB	EAS	male
NA18609	CHB	EAS	male
NA18610	CHB	EAS	female
NA18611	CHB	EAS	male
NA18612	CHB	EAS	male
NA18613	CHB	EAS	male
NA18614	CHB	EAS	female
NA18615	CHB	EAS	female
NA18616	CHB	EAS	female
NA18617	CHB	EAS	female
NA18618	CHB	EAS	female
NA18619	CHB	EAS	female
NA18620	CHB	EAS	male
NA18621	CHB	EAS	male
NA18622	CHB	EAS	male
NA18623	CHB	EAS	male
NA18624	CHB	EAS	male
NA18625	CHB	EAS	female
NA18626	CHB	EAS	female
NA18627	CHB	EAS	female
NA18628	CHB	EAS	female
NA18629	CHB	EAS	male
NA18630	CHB	EAS	female
NA18631	CHB	EAS	female
NA18632	CHB	EAS	male
NA18633	CHB	EAS	male
NA18634	CHB	EAS	female
NA18635	CHB	EAS	male
NA18636	CHB	EAS	male
NA18637	CHB	EAS	male
NA18638	CHB	EAS	male
NA18639	CHB	EAS	male
NA18640	CHB	EAS	female
NA18641	CHB	EAS	female
NA18642	CHB	EAS	female
NA18643	CHB	EAS	male
NA18644	CHB	EAS	female
NA18645	CHB	EAS	male
NA18646	CHB	EAS	female
NA18647	CHB	EAS	male
NA18648	CHB	EAS	male
NA18740	CHB	EAS	male
NA18745	CHB	EAS	male
NA18747	CHB	EAS	male
NA18748	CHB	EAS	male
NA18749	CHB	EAS	male
NA18757	CHB	EAS	male
NA18853	YRI	AFR	male
NA18856	YRI	AFR	male
NA18858	YRI	AFR	female
NA18861	YRI	AFR	female
NA18864	YRI	AFR	female
NA18865	YRI	AFR	male
NA18867	YRI	AFR	female
NA18868	YRI	AFR	male
NA18870	YRI	AFR	female
NA18871	YRI	AFR	male
NA18873	YRI	AFR	female
NA18874	YRI	AFR	male
NA18876	YRI	AFR	female
NA18877	YRI	AFR	male
NA18878	YRI	AFR	female
NA18879	YRI	AFR	male
NA18881	YRI	AFR	female
NA18907	YRI	AFR	female
NA18908	YRI	AFR	male
NA18909	YRI	AFR	female
NA18910	YRI	AFR	male
NA18912	YRI	AFR	female
NA18915	YRI	AFR	male
NA18916	YRI	AFR	female
NA18917	YRI	AFR	male
NA18923	YRI	AFR	male
NA18924	YRI	AFR	female
NA18933	YRI	AFR	female
NA18934	YRI	AFR	male
NA18939	JPT	EAS	female
NA18940	JPT	EAS	male
NA18941	JPT	EAS	female
NA18942	JPT	EAS	female
NA18943	JPT	EAS	male
NA18944	JPT	EAS	male
NA18945	JPT	EAS	male
NA18946	JPT	EAS	female
NA18947	JPT	EAS	female
NA18948	JPT	EAS	male
NA18949	JPT	EAS	female
NA18950	JPT	EAS	female
NA18951	JPT	EAS	female
NA18952	JPT	EAS	male
NA18953	JPT	EAS	male
NA18954	JPT	EAS	female
NA18956	JPT	EAS	female
NA18957	JPT	EAS	female
NA18959	JPT	EAS	male
NA18960	JPT	EAS	male
NA18961	JPT	EAS	male
NA18962	JPT	EAS	male
NA18963	JPT	EAS	female
NA18964	JPT	EAS	female
NA18965	JPT	EAS	male
NA18966	JPT	EAS	male
NA18967	JPT	EAS	male
NA18968	JPT	EAS	female
NA18969	JPT	EAS	female
NA18970	JPT	EAS	male
NA18971	JPT	EAS	male
NA18972	JPT	EAS	female
NA18973	JPT	EAS	female
NA18974	JPT	EAS	male
NA18975	JPT	EAS	female
NA18976	JPT	EAS	female
NA18977	JPT	EAS	male
NA18978	JPT	EAS	female
NA18979	JPT	EAS	female
NA18980	JPT	EAS	female
NA18981	JPT	EAS	female
NA18982	JPT	EAS	male
NA18983	JPT	EAS	male
NA18984	JPT	EAS	male
NA18985	JPT	EAS	male
NA18986	JPT	EAS	male
NA18987	JPT	EAS	female
NA18988	JPT	EAS	male
NA18989	JPT	EAS	male
NA18990	JPT	EAS	male
NA18991	JPT	EAS	female
NA18992	JPT	EAS	female
NA18993	JPT	EAS	female
NA18994	JPT	EAS	male
NA18995	JPT	EAS	male
NA18997	JPT	EAS	female
NA18998	JPT	EAS	female
NA18999	JPT	EAS	female
NA19000	JPT	EAS	male
NA19001	JPT	EAS	female
NA19002	JPT	EAS	female
NA19003	JPT	EAS	female
NA19004	JPT	EAS	male
NA19005	JPT	EAS	male
NA19006	JPT	EAS	male
NA19007	JPT	EAS	male
NA19009	JPT	EAS	male
NA19010	JPT	EAS	female
NA19011	JPT	EAS	female
NA19012	JPT	EAS	male
NA19017	LWK	AFR	female
NA19019	LWK	AFR	female
NA19020	LWK	AFR	male
NA19023	LWK	AFR	female
NA19024	LWK	AFR	female
NA19025	LWK	AFR	male
NA19026	LWK	AFR	male
NA19027	LWK	AFR	male
NA19028	LWK	AFR	male
NA19030	LWK	AFR	female
NA19031	LWK	AFR	male
NA19035	LWK	AFR	male
NA19036	LWK	AFR	female
NA19037	LWK	AFR	female
NA19038	LWK	AFR	female
NA19041	LWK	AFR	male
NA19042	LWK	AFR	female
NA19043	LWK	AFR	male
NA19054	JPT	EAS	female
NA19055	JPT	EAS	male
NA19056	JPT	EAS	male
NA19057	JPT	EAS	female
NA19058	JPT	EAS	male
NA19059	JPT	EAS	female
NA19060	JPT	EAS	male
NA19062	JPT	EAS	male
NA19063	JPT	EAS	male
NA19064	JPT	EAS	female
NA19065	JPT	EAS	female
NA19066	JPT	EAS	male
NA19067	JPT	EAS	male
NA19068	JPT	EAS	male
NA19070	JPT	EAS	male
NA19072	JPT	EAS	male
NA19074	JPT	EAS	female
NA19075	JPT	EAS	male
NA19076	JPT	EAS	male
NA19077	JPT	EAS	female
NA19078	JPT	EAS	female
NA19079	JPT	EAS	male
NA19080	JPT	EAS	female
NA19081	JPT	EAS	female
NA19082	JPT	EAS	male
NA19083	JPT	EAS	male
NA19084	JPT	EAS	female
NA19085	JPT	EAS	male
NA19086	JPT	EAS	male
NA19087	JPT	EAS	female
NA19088	JPT	EAS	male
NA19089	JPT	EAS	male
NA19090	JPT	EAS	female
NA19091	JPT	EAS	male
NA19092	YRI	AFR	male
NA19093	YRI	AFR	female
NA19095	YRI	AFR	female
NA19096	YRI	AFR	male
NA19098	YRI	AFR	male
NA19099	YRI	AFR	female
NA19102	YRI	AFR	female
NA19107	YRI	AFR	male
NA19108	YRI	AFR	female
NA19113	YRI	AFR	male
NA19114	YRI	AFR	female
NA19116	YRI	AFR	female
NA19117	YRI	AFR	male
NA19118	YRI	AFR	female
NA19119	YRI	AFR	male
NA19121	YRI	AFR	male
NA19129	YRI	AFR	female
NA19130	YRI	AFR	male
NA19131	YRI	AFR	female
NA19137	YRI	AFR	female
NA19138	YRI	AFR	male
NA19141	YRI	AFR	male
NA19143	YRI	AFR	female
NA19144	YRI	AFR	male
NA19146	YRI	AFR	male
NA19147	YRI	AFR	female
NA19149	YRI	AFR	female
NA19152	YRI	AFR	female
NA19153	YRI	AFR	male
NA19159	YRI	AFR	female
NA19160	YRI	AFR	male
NA19171	YRI	AFR	male
NA19172	YRI	AFR	female
NA19175	YRI	AFR	male
NA19184	YRI	AFR	male
NA19185	YRI	AFR	female
NA19189	YRI	AFR	male
NA19190	YRI	AFR	female
NA19197	YRI	AFR	female
NA19198	YRI	AFR	male
NA19200	YRI	AFR	male
NA19201	YRI	AFR	female
NA19204	YRI	AFR	female
NA19206	YRI	AFR	female
NA19207	YRI	AFR	male
NA19209	YRI	AFR	female
NA19210	YRI	AFR	male
NA19213	YRI	AFR	male
NA19214	YRI	AFR	female
NA19222	YRI	AFR	female
NA19223	YRI	AFR	male
NA19225	YRI	AFR	female
NA19235	YRI	AFR	female
NA19236	YRI	AFR	male
NA19238	YRI	AFR	female
NA19239	YRI	AFR	male
NA19247	YRI	AFR	female
NA19248	YRI	AFR	male
NA19256	YRI	AFR	male
NA19257	YRI	AFR	female
NA19307	LWK	AFR	male
NA19308	LWK	AFR	male
NA19309	LWK	AFR	male
NA19310	LWK	AFR	female
NA19312	LWK	AFR	male
NA19314	LWK	AFR	female
NA19315	LWK	AFR	female
NA19316	LWK	AFR	female
NA19317	LWK	AFR	male
NA19318	LWK	AFR	male
NA19319	LWK	AFR	male
NA19320	LWK	AFR	female
NA19321	LWK	AFR	female
NA19323	LWK	AFR	female
NA19324	LWK	AFR	female
NA19327	LWK	AFR	female
NA19328	LWK	AFR	female
NA19331	LWK	AFR	male
NA19332	LWK	AFR	female
NA19334	LWK	AFR	male
NA19338	LWK	AFR	female
NA19346	LWK	AFR	male
NA19347	LWK	AFR	male
NA19350	LWK	AFR	male
NA19351	LWK	AFR	female
NA19355	LWK	AFR	female
NA19360	LWK	AFR	male
NA19372	LWK	AFR	male
NA19374	LWK	AFR	male
NA19375	LWK	AFR	male
NA19376	LWK	AFR	male
NA19377	LWK	AFR	female
NA19378	LWK	AFR	female
NA19379	LWK	AFR	female
NA19380	LWK	AFR	male
NA19383	LWK	AFR	male
NA19384	LWK	AFR	male
NA19385	LWK	AFR	male
NA19390	LWK	AFR	female
NA19391	LWK	AFR	female
NA19393	LWK	AFR	male
NA19394	LWK	AFR	male
NA19395	LWK	AFR	female
NA19397	LWK	AFR	male
NA19399	LWK	AFR	female
NA19401	LWK	AFR	female
NA19403	LWK	AFR	female
NA19404	LWK	AFR	female
NA19428	LWK	AFR	male
NA19429	LWK	AFR	male
NA19430	LWK	AFR	male
NA19431	LWK	AFR	female
NA19434	LWK	AFR	female
NA19435	LWK	AFR	female
NA19436	LWK	AFR	female
NA19437	LWK	AFR	female
NA19438	LWK	AFR	female
NA19439	LWK	AFR	female
NA19440	LWK	AFR	female
NA19443	LWK	AFR	male
NA19445	LWK	AFR	female
NA19446	LWK	AFR	female
NA19448	LWK	AFR	male
NA19449	LWK	AFR	female
NA19451	LWK	AFR	male
NA19452	LWK	AFR	male
NA19454	LWK	AFR	male
NA19455	LWK	AFR	male
NA19456	LWK	AFR	female
NA19457	LWK	AFR	female
NA19461	LWK	AFR	male
NA19462	LWK	AFR	female
NA19463	LWK	AFR	female
NA19466	LWK	AFR	male
NA19467	LWK	AFR	female
NA19468	LWK	AFR	female
NA19471	LWK	AFR	female
NA19472	LWK	AFR	female
NA19473	LWK	AFR	female
NA19474	LWK	AFR	female
NA19475	LWK	AFR	female
NA19625	ASW	AFR	female
NA19648	MXL	AMR	female
NA19649	MXL	AMR	male
NA19651	MXL	AMR	female
NA19652	MXL	AMR	male
NA19654	MXL	AMR	female
NA19655	MXL	AMR	male
NA19657	MXL	AMR	female
NA19658	MXL	AMR	male
NA19661	MXL	AMR	male
NA19663	MXL	AMR	female
NA19664	MXL	AMR	male
NA19669	MXL	AMR	female
NA19670	MXL	AMR	male
NA19676	MXL	AMR	male
NA19678	MXL	AMR	female
NA19679	MXL	AMR	male
NA19681	MXL	AMR	female
NA19682	MXL	AMR	male
NA19684	MXL	AMR	female
NA19700	ASW	AFR	male
NA19701	ASW	AFR	female
NA19703	ASW	AFR	male
NA19704	ASW	AFR	female
NA19707	ASW	AFR	female
NA19711	ASW	AFR	male
NA19712	ASW	AFR	female
NA19713	ASW	AFR	female
NA19716	MXL	AMR	female
NA19717	MXL	AMR	male
NA19719	MXL	AMR	female
NA19720	MXL	AMR	male
NA19722	MXL	AMR	female
NA19723	MXL	AMR	male
NA19725	MXL	AMR	female
NA19726	MXL	AMR	male
NA19728	MXL	AMR	female
NA19729	MXL	AMR	male
NA19731	MXL	AMR	female
NA19732	MXL	AMR	male
NA19734	MXL	AMR	female
NA19735	MXL	AMR	male
NA19740	MXL	AMR	female
NA19741	MXL	AMR	male
NA19746	MXL	AMR	female
NA19747	MXL	AMR	male
NA19749	MXL	AMR	female
NA19750	MXL	AMR	male
NA19752	MXL	AMR	female
NA19755	MXL	AMR	female
NA19756	MXL	AMR	male
NA19758	MXL	AMR	female
NA19759	MXL	AMR	male
NA19761	MXL	AMR	female
NA19762	MXL	AMR	male
NA19764	MXL	AMR	female
NA19770	MXL	AMR	female
NA19771	MXL	AMR	male
NA19773	MXL	AMR	female
NA19774	MXL	AMR	male
NA19776	MXL	AMR	female
NA19777	MXL	AMR	male
NA19779	MXL	AMR	female
NA19780	MXL	AMR	male
NA19782	MXL	AMR	female
NA19783	MXL	AMR	male
NA19785	MXL	AMR	female
NA19786	MXL	AMR	male
NA19788	MXL	AMR	female
NA19789	MXL	AMR	male
NA19792	MXL	AMR	male
NA19794	MXL	AMR	female
NA19795	MXL	AMR	male
NA19818	ASW	AFR	male
NA19819	ASW	AFR	female
NA19834	ASW	AFR	male
NA19835	ASW	AFR	female
NA19900	ASW	AFR	male
NA19901	ASW	AFR	female
NA19904	ASW	AFR	male
NA19908	ASW	AFR	male
NA19909	ASW	AFR	female
NA19913	ASW	AFR	female
NA19914	ASW	AFR	female
NA19916	ASW	AFR	male
NA19917	ASW	AFR	female
NA19920	ASW	AFR	male
NA19921	ASW	AFR	female
NA19922	ASW	AFR	male
NA19923	ASW	AFR	female
NA19982	ASW	AFR	male
NA19984	ASW	AFR	male
NA20126	ASW	AFR	male
NA20127	ASW	AFR	female
NA20274	ASW	AFR	female
NA20276	ASW	AFR	female
NA20278	ASW	AFR	male
NA20281	ASW	AFR	male
NA20282	ASW	AFR	female
NA20287	ASW	AFR	female
NA20289	ASW	AFR	female
NA20291	ASW	AFR	male
NA20294	ASW	AFR	female
NA20296	ASW	AFR	female
NA20298	ASW	AFR	male
NA20299	ASW	AFR	female
NA20314	ASW	AFR	female
NA20317	ASW	AFR	female
NA20318	ASW	AFR	male
NA20320	ASW	AFR	female
NA20321	ASW	AFR	female
NA20332	ASW	AFR	female
NA20334	ASW	AFR	female
NA20339	ASW	AFR	female
NA20340	ASW	AFR	male
NA20342	ASW	AFR	male
NA20346	ASW	AFR	male
NA20348	ASW	AFR	male
NA20351	ASW	AFR	male
NA20355	ASW	AFR	female
NA20356	ASW	AFR	male
NA20357	ASW	AFR	female
NA20359	ASW	AFR	female
NA20362	ASW	AFR	male
NA20412	ASW	AFR	female
NA20502	TSI	EUR	female
NA20503	TSI	EUR	female
NA20504	TSI	EUR	female
NA20505	TSI	EUR	female
NA20506	TSI	EUR	female
NA20507	TSI	EUR	female
NA20508	TSI	EUR	female
NA20509	TSI	EUR	male
NA20510	TSI	EUR	male
NA20511	TSI	EUR	male
NA20512	TSI	EUR	male
NA20513	TSI	EUR	male
NA20514	TSI	EUR	female
NA20515	TSI	EUR	male
NA20516	TSI	EUR	male
NA20517	TSI	EUR	female
NA20518	TSI	EUR	male
NA20519	TSI	EUR	male
NA20520	TSI	EUR	male
NA20521	TSI	EUR	male
NA20522	TSI	EUR	female
NA20524	TSI	EUR	male
NA20525	TSI	EUR	male
NA20527	TSI	EUR	male
NA20528	TSI	EUR	male
NA20529	TSI	EUR	female
NA20530	TSI	EUR	female
NA20531	TSI	EUR	female
NA20532	TSI	EUR	male
NA20533	TSI	EUR	female
NA20534	TSI	EUR	male
NA20535	TSI	EUR	female
NA20536	TSI	EUR	male
NA20538	TSI	EUR	male
NA20539	TSI	EUR	male
NA20540	TSI	EUR	female
NA20541	TSI	EUR	female
NA20542	TSI	EUR	female
NA20543	TSI	EUR	male
NA20544	TSI	EUR	male
NA20581	TSI	EUR	male
NA20582	TSI	EUR	female
NA20585	TSI	EUR	female
NA20586	TSI	EUR	male
NA20587	TSI	EUR	female
NA20588	TSI	EUR	male
NA20589	TSI	EUR	female
NA20752	TSI	EUR	male
NA20753	TSI	EUR	female
NA20754	TSI	EUR	male
NA20755	TSI	EUR	male
NA20756	TSI	EUR	female
NA20757	TSI	EUR	female
NA20758	TSI	EUR	male
NA20759	TSI	EUR	male
NA20760	TSI	EUR	female
NA20761	TSI	EUR	female
NA20762	TSI	EUR	male
NA20763	TSI	EUR	male
NA20764	TSI	EUR	female
NA20765	TSI	EUR	male
NA20766	TSI	EUR	female
NA20767	TSI	EUR	male
NA20768	TSI	EUR	female
NA20769	TSI	EUR	female
NA20770	TSI	EUR	male
NA20771	TSI	EUR	female
NA20772	TSI	EUR	female
NA20773	TSI	EUR	female
NA20774	TSI	EUR	female
NA20775	TSI	EUR	female
NA20778	TSI	EUR	male
NA20783	TSI	EUR	male
NA20785	TSI	EUR	male
NA20786	TSI	EUR	female
NA20787	TSI	EUR	male
NA20790	TSI	EUR	female
NA20792	TSI	EUR	male
NA20795	TSI	EUR	female
NA20796	TSI	EUR	male
NA20797	TSI	EUR	female
NA20798	TSI	EUR	male
NA20799	TSI	EUR	female
NA20800	TSI	EUR	female
NA20801	TSI	EUR	male
NA20802	TSI	EUR	female
NA20803	TSI	EUR	male
NA20804	TSI	EUR	female
NA20805	TSI	EUR	male
NA20806	TSI	EUR	male
NA20807	TSI	EUR	female
NA20808	TSI	EUR	female
NA20809	TSI	EUR	male
NA20810	TSI	EUR	male
NA20811	TSI	EUR	male
NA20812	TSI	EUR	male
NA20813	TSI	EUR	female
NA20814	TSI	EUR	male
NA20815	TSI	EUR	male
NA20818	TSI	EUR	female
NA20819	TSI	EUR	female
NA20821	TSI	EUR	female
NA20822	TSI	EUR	female
NA20826	TSI	EUR	female
NA20827	TSI	EUR	male
NA20828	TSI	EUR	female
NA20832	TSI	EUR	female
NA20845	GIH	SAS	male
NA20846	GIH	SAS	male
NA20847	GIH	SAS	female
NA20849	GIH	SAS	female
NA20850	GIH	SAS	male
NA20851	GIH	SAS	female
NA20852	GIH	SAS	male
NA20853	GIH	SAS	female
NA20854	GIH	SAS	female
NA20856	GIH	SAS	female
NA20858	GIH	SAS	male
NA20859	GIH	SAS	female
NA20861	GIH	SAS	male
NA20862	GIH	SAS	female
NA20863	GIH	SAS	male
NA20864	GIH	SAS	male
NA20866	GIH	SAS	male
NA20867	GIH	SAS	male
NA20868	GIH	SAS	female
NA20869	GIH	SAS	female
NA20870	GIH	SAS	male
NA20872	GIH	SAS	female
NA20874	GIH	SAS	female
NA20875	GIH	SAS	female
NA20876	GIH	SAS	female
NA20877	GIH	SAS	female
NA20878	GIH	SAS	female
NA20881	GIH	SAS	female
NA20882	GIH	SAS	female
NA20884	GIH	SAS	male
NA20885	GIH	SAS	male
NA20886	GIH	SAS	female
NA20887	GIH	SAS	male
NA20888	GIH	SAS	female
NA20889	GIH	SAS	male
NA20890	GIH	SAS	male
NA20891	GIH	SAS	male
NA20892	GIH	SAS	female
NA20894	GIH	SAS	female
NA20895	GIH	SAS	male
NA20896	GIH	SAS	female
NA20897	GIH	SAS	male
NA20899	GIH	SAS	female
NA20900	GIH	SAS	female
NA20901	GIH	SAS	male
NA20902	GIH	SAS	female
NA20903	GIH	SAS	male
NA20904	GIH	SAS	male
NA20905	GIH	SAS	male
NA20906	GIH	SAS	female
NA20908	GIH	SAS	female
NA20910	GIH	SAS	female
NA20911	GIH	SAS	male
NA21086	GIH	SAS	female
NA21087	GIH	SAS	male
NA21088	GIH	SAS	female
NA21089	GIH	SAS	female
NA21090	GIH	SAS	male
NA21091	GIH	SAS	male
NA21092	GIH	SAS	male
NA21093	GIH	SAS	male
NA21094	GIH	SAS	male
NA21095	GIH	SAS	male
NA21097	GIH	SAS	female
NA21098	GIH	SAS	male
NA21099	GIH	SAS	male
NA21100	GIH	SAS	male
NA21101	GIH	SAS	female
NA21102	GIH	SAS	female
NA21103	GIH	SAS	female
NA21104	GIH	SAS	male
NA21105	GIH	SAS	male
NA21106	GIH	SAS	female
NA21107	GIH	SAS	male
NA21108	GIH	SAS	female
NA21109	GIH	SAS	male
NA21110	GIH	SAS	female
NA21111	GIH	SAS	male
NA21112	GIH	SAS	male
NA21113	GIH	SAS	male
NA21114	GIH	SAS	male
NA21115	GIH	SAS	male
NA21116	GIH	SAS	male
NA21117	GIH	SAS	male
NA21118	GIH	SAS	male
NA21119	GIH	SAS	male
NA21120	GIH	SAS	female
NA21122	GIH	SAS	female
NA21123	GIH	SAS	male
NA21124	GIH	SAS	male
NA21125	GIH	SAS	female
NA21126	GIH	SAS	male
NA21127	GIH	SAS	male
NA21128	GIH	SAS	male
NA21129	GIH	SAS	male
NA21130	GIH	SAS	male
NA21133	GIH	SAS	male
NA21135	GIH	SAS	male
NA21137	GIH	SAS	female
NA21141	GIH	SAS	female
NA21142	GIH	SAS	female
NA21143	GIH	SAS	female
NA21144	GIH	SAS	female