1	21959908	1406
2	20214304	1238
3	18246963	1158
4	22678926	1537
5	25422930	1596
6	20730121	1384
7	29494872	2123
8	21858180	1421
9	22089297	1195
10	24234645	1518
11	19336174	1222
12	26048642	1530
13	28961420	1685
14	27290429	1745
15	21166012	1141
16	23175501	1344
17	17736504	1156
18	34099467	2069
19	24741147	1220
VITVvi_vCabSauv08_v1.1.unplaced.10	1247088	38
VITVvi_vCabSauv08_v1.1.unplaced.100	188230	15
VITVvi_vCabSauv08_v1.1.unplaced.1001	5567	1
VITVvi_vCabSauv08_v1.1.unplaced.1003	10682	1
VITVvi_vCabSauv08_v1.1.unplaced.1004	9170	2
VITVvi_vCabSauv08_v1.1.unplaced.1006	10289	1
VITVvi_vCabSauv08_v1.1.unplaced.101	118273	8
VITVvi_vCabSauv08_v1.1.unplaced.1010	7098	1
VITVvi_vCabSauv08_v1.1.unplaced.1011	3789	1
VITVvi_vCabSauv08_v1.1.unplaced.1012	9619	1
VITVvi_vCabSauv08_v1.1.unplaced.1013	9707	1
VITVvi_vCabSauv08_v1.1.unplaced.1014	13014	2
VITVvi_vCabSauv08_v1.1.unplaced.1017	2087	1
VITVvi_vCabSauv08_v1.1.unplaced.1019	6520	3
VITVvi_vCabSauv08_v1.1.unplaced.102	167006	5
VITVvi_vCabSauv08_v1.1.unplaced.1022	11081	2
VITVvi_vCabSauv08_v1.1.unplaced.1026	496	1
VITVvi_vCabSauv08_v1.1.unplaced.103	157076	17
VITVvi_vCabSauv08_v1.1.unplaced.1030	9098	2
VITVvi_vCabSauv08_v1.1.unplaced.1031	9477	1
VITVvi_vCabSauv08_v1.1.unplaced.1033	12663	2
VITVvi_vCabSauv08_v1.1.unplaced.1035	9944	3
VITVvi_vCabSauv08_v1.1.unplaced.1037	2769	1
VITVvi_vCabSauv08_v1.1.unplaced.1038	11877	3
VITVvi_vCabSauv08_v1.1.unplaced.1039	3136	1
VITVvi_vCabSauv08_v1.1.unplaced.1041	9361	2
VITVvi_vCabSauv08_v1.1.unplaced.1042	7262	1
VITVvi_vCabSauv08_v1.1.unplaced.1043	6046	1
VITVvi_vCabSauv08_v1.1.unplaced.1045	1953	1
VITVvi_vCabSauv08_v1.1.unplaced.1046	7205	1
VITVvi_vCabSauv08_v1.1.unplaced.1048	7555	1
VITVvi_vCabSauv08_v1.1.unplaced.1049	4539	1
VITVvi_vCabSauv08_v1.1.unplaced.1052	8981	1
VITVvi_vCabSauv08_v1.1.unplaced.1056	6796	1
VITVvi_vCabSauv08_v1.1.unplaced.1058	8753	2
VITVvi_vCabSauv08_v1.1.unplaced.106	72594	8
VITVvi_vCabSauv08_v1.1.unplaced.1060	5868	1
VITVvi_vCabSauv08_v1.1.unplaced.1062	7950	2
VITVvi_vCabSauv08_v1.1.unplaced.1067	10867	1
VITVvi_vCabSauv08_v1.1.unplaced.1068	10913	2
VITVvi_vCabSauv08_v1.1.unplaced.107	148562	11
VITVvi_vCabSauv08_v1.1.unplaced.1071	3294	1
VITVvi_vCabSauv08_v1.1.unplaced.1072	9929	1
VITVvi_vCabSauv08_v1.1.unplaced.1075	7814	3
VITVvi_vCabSauv08_v1.1.unplaced.1076	530	1
VITVvi_vCabSauv08_v1.1.unplaced.1079	7018	1
VITVvi_vCabSauv08_v1.1.unplaced.108	40375	1
VITVvi_vCabSauv08_v1.1.unplaced.1088	7072	2
VITVvi_vCabSauv08_v1.1.unplaced.1089	8506	1
VITVvi_vCabSauv08_v1.1.unplaced.109	162450	12
VITVvi_vCabSauv08_v1.1.unplaced.1091	399	1
VITVvi_vCabSauv08_v1.1.unplaced.1096	2934	1
VITVvi_vCabSauv08_v1.1.unplaced.1097	9176	1
VITVvi_vCabSauv08_v1.1.unplaced.1098	7944	1
VITVvi_vCabSauv08_v1.1.unplaced.1099	8812	1
VITVvi_vCabSauv08_v1.1.unplaced.11	1283103	47
VITVvi_vCabSauv08_v1.1.unplaced.110	161857	17
VITVvi_vCabSauv08_v1.1.unplaced.1101	4546	1
VITVvi_vCabSauv08_v1.1.unplaced.1103	9090	1
VITVvi_vCabSauv08_v1.1.unplaced.1104	9610	1
VITVvi_vCabSauv08_v1.1.unplaced.1105	9843	2
VITVvi_vCabSauv08_v1.1.unplaced.1106	4188	1
VITVvi_vCabSauv08_v1.1.unplaced.1107	9808	1
VITVvi_vCabSauv08_v1.1.unplaced.1109	9540	1
VITVvi_vCabSauv08_v1.1.unplaced.111	69338	3
VITVvi_vCabSauv08_v1.1.unplaced.1112	9593	1
VITVvi_vCabSauv08_v1.1.unplaced.1114	8772	1
VITVvi_vCabSauv08_v1.1.unplaced.1115	3160	1
VITVvi_vCabSauv08_v1.1.unplaced.1118	8913	2
VITVvi_vCabSauv08_v1.1.unplaced.1119	6670	2
VITVvi_vCabSauv08_v1.1.unplaced.112	163949	11
VITVvi_vCabSauv08_v1.1.unplaced.1121	4626	3
VITVvi_vCabSauv08_v1.1.unplaced.1124	477	1
VITVvi_vCabSauv08_v1.1.unplaced.1129	1221	1
VITVvi_vCabSauv08_v1.1.unplaced.113	139185	10
VITVvi_vCabSauv08_v1.1.unplaced.1131	8134	1
VITVvi_vCabSauv08_v1.1.unplaced.1132	1441	1
VITVvi_vCabSauv08_v1.1.unplaced.1134	6509	1
VITVvi_vCabSauv08_v1.1.unplaced.1135	3370	1
VITVvi_vCabSauv08_v1.1.unplaced.1137	8612	1
VITVvi_vCabSauv08_v1.1.unplaced.1139	3603	1
VITVvi_vCabSauv08_v1.1.unplaced.114	165784	13
VITVvi_vCabSauv08_v1.1.unplaced.1140	7865	1
VITVvi_vCabSauv08_v1.1.unplaced.1142	8231	1
VITVvi_vCabSauv08_v1.1.unplaced.1147	1175	1
VITVvi_vCabSauv08_v1.1.unplaced.115	163004	16
VITVvi_vCabSauv08_v1.1.unplaced.1150	6385	2
VITVvi_vCabSauv08_v1.1.unplaced.1153	2952	1
VITVvi_vCabSauv08_v1.1.unplaced.1157	1367	1
VITVvi_vCabSauv08_v1.1.unplaced.116	158684	16
VITVvi_vCabSauv08_v1.1.unplaced.1160	6905	1
VITVvi_vCabSauv08_v1.1.unplaced.1161	6826	1
VITVvi_vCabSauv08_v1.1.unplaced.1163	1630	1
VITVvi_vCabSauv08_v1.1.unplaced.1165	7622	3
VITVvi_vCabSauv08_v1.1.unplaced.1167	3282	1
VITVvi_vCabSauv08_v1.1.unplaced.117	158094	10
VITVvi_vCabSauv08_v1.1.unplaced.1178	6118	1
VITVvi_vCabSauv08_v1.1.unplaced.118	153304	4
VITVvi_vCabSauv08_v1.1.unplaced.1185	5993	1
VITVvi_vCabSauv08_v1.1.unplaced.1188	6468	1
VITVvi_vCabSauv08_v1.1.unplaced.1189	6313	1
VITVvi_vCabSauv08_v1.1.unplaced.1191	6155	1
VITVvi_vCabSauv08_v1.1.unplaced.1192	5920	1
VITVvi_vCabSauv08_v1.1.unplaced.1194	6288	1
VITVvi_vCabSauv08_v1.1.unplaced.1195	5102	2
VITVvi_vCabSauv08_v1.1.unplaced.120	151437	10
VITVvi_vCabSauv08_v1.1.unplaced.1200	4103	1
VITVvi_vCabSauv08_v1.1.unplaced.1206	3522	1
VITVvi_vCabSauv08_v1.1.unplaced.1209	2168	1
VITVvi_vCabSauv08_v1.1.unplaced.121	141308	14
VITVvi_vCabSauv08_v1.1.unplaced.1216	4714	1
VITVvi_vCabSauv08_v1.1.unplaced.122	143212	16
VITVvi_vCabSauv08_v1.1.unplaced.1222	834	1
VITVvi_vCabSauv08_v1.1.unplaced.1229	4341	1
VITVvi_vCabSauv08_v1.1.unplaced.123	79721	1
VITVvi_vCabSauv08_v1.1.unplaced.1231	3259	1
VITVvi_vCabSauv08_v1.1.unplaced.1237	2211	1
VITVvi_vCabSauv08_v1.1.unplaced.124	149262	8
VITVvi_vCabSauv08_v1.1.unplaced.1241	2465	1
VITVvi_vCabSauv08_v1.1.unplaced.1246	3067	1
VITVvi_vCabSauv08_v1.1.unplaced.1258	1708	1
VITVvi_vCabSauv08_v1.1.unplaced.1263	2496	1
VITVvi_vCabSauv08_v1.1.unplaced.127	128338	6
VITVvi_vCabSauv08_v1.1.unplaced.128	127136	4
VITVvi_vCabSauv08_v1.1.unplaced.129	135532	11
VITVvi_vCabSauv08_v1.1.unplaced.13	1152175	97
VITVvi_vCabSauv08_v1.1.unplaced.130	135073	11
VITVvi_vCabSauv08_v1.1.unplaced.131	132310	4
VITVvi_vCabSauv08_v1.1.unplaced.132	135170	3
VITVvi_vCabSauv08_v1.1.unplaced.133	122878	5
VITVvi_vCabSauv08_v1.1.unplaced.134	118263	4
VITVvi_vCabSauv08_v1.1.unplaced.135	132401	9
VITVvi_vCabSauv08_v1.1.unplaced.136	124594	9
VITVvi_vCabSauv08_v1.1.unplaced.138	82805	4
VITVvi_vCabSauv08_v1.1.unplaced.139	111629	1
VITVvi_vCabSauv08_v1.1.unplaced.14	1111070	71
VITVvi_vCabSauv08_v1.1.unplaced.140	116135	9
VITVvi_vCabSauv08_v1.1.unplaced.141	16015	2
VITVvi_vCabSauv08_v1.1.unplaced.142	90296	6
VITVvi_vCabSauv08_v1.1.unplaced.144	110767	5
VITVvi_vCabSauv08_v1.1.unplaced.145	77107	4
VITVvi_vCabSauv08_v1.1.unplaced.146	115794	6
VITVvi_vCabSauv08_v1.1.unplaced.147	114695	9
VITVvi_vCabSauv08_v1.1.unplaced.148	118756	5
VITVvi_vCabSauv08_v1.1.unplaced.149	98292	6
VITVvi_vCabSauv08_v1.1.unplaced.15	1012274	74
VITVvi_vCabSauv08_v1.1.unplaced.150	105850	5
VITVvi_vCabSauv08_v1.1.unplaced.151	93853	8
VITVvi_vCabSauv08_v1.1.unplaced.152	81991	3
VITVvi_vCabSauv08_v1.1.unplaced.153	88712	5
VITVvi_vCabSauv08_v1.1.unplaced.154	48836	3
VITVvi_vCabSauv08_v1.1.unplaced.155	46275	3
VITVvi_vCabSauv08_v1.1.unplaced.156	104316	5
VITVvi_vCabSauv08_v1.1.unplaced.158	40389	4
VITVvi_vCabSauv08_v1.1.unplaced.160	102525	8
VITVvi_vCabSauv08_v1.1.unplaced.161	99323	3
VITVvi_vCabSauv08_v1.1.unplaced.163	93849	9
VITVvi_vCabSauv08_v1.1.unplaced.165	90962	4
VITVvi_vCabSauv08_v1.1.unplaced.166	100268	4
VITVvi_vCabSauv08_v1.1.unplaced.169	86930	1
VITVvi_vCabSauv08_v1.1.unplaced.170	101920	5
VITVvi_vCabSauv08_v1.1.unplaced.171	35653	3
VITVvi_vCabSauv08_v1.1.unplaced.172	94399	6
VITVvi_vCabSauv08_v1.1.unplaced.173	43176	3
VITVvi_vCabSauv08_v1.1.unplaced.175	94417	9
VITVvi_vCabSauv08_v1.1.unplaced.176	93301	3
VITVvi_vCabSauv08_v1.1.unplaced.177	61127	3
VITVvi_vCabSauv08_v1.1.unplaced.178	87668	11
VITVvi_vCabSauv08_v1.1.unplaced.179	87649	7
VITVvi_vCabSauv08_v1.1.unplaced.18	918832	39
VITVvi_vCabSauv08_v1.1.unplaced.180	58538	3
VITVvi_vCabSauv08_v1.1.unplaced.181	33760	1
VITVvi_vCabSauv08_v1.1.unplaced.182	82894	4
VITVvi_vCabSauv08_v1.1.unplaced.183	86554	5
VITVvi_vCabSauv08_v1.1.unplaced.184	77631	4
VITVvi_vCabSauv08_v1.1.unplaced.185	85709	8
VITVvi_vCabSauv08_v1.1.unplaced.186	85874	4
VITVvi_vCabSauv08_v1.1.unplaced.187	54950	2
VITVvi_vCabSauv08_v1.1.unplaced.19	703160	26
VITVvi_vCabSauv08_v1.1.unplaced.191	49277	3
VITVvi_vCabSauv08_v1.1.unplaced.192	86265	1
VITVvi_vCabSauv08_v1.1.unplaced.194	57816	5
VITVvi_vCabSauv08_v1.1.unplaced.196	83475	5
VITVvi_vCabSauv08_v1.1.unplaced.197	83536	9
VITVvi_vCabSauv08_v1.1.unplaced.199	67024	4
VITVvi_vCabSauv08_v1.1.unplaced.2	3183551	115
VITVvi_vCabSauv08_v1.1.unplaced.20	771330	9
VITVvi_vCabSauv08_v1.1.unplaced.201	82737	4
VITVvi_vCabSauv08_v1.1.unplaced.204	82060	6
VITVvi_vCabSauv08_v1.1.unplaced.207	66628	1
VITVvi_vCabSauv08_v1.1.unplaced.208	74038	4
VITVvi_vCabSauv08_v1.1.unplaced.209	63305	5
VITVvi_vCabSauv08_v1.1.unplaced.21	752971	26
VITVvi_vCabSauv08_v1.1.unplaced.210	75036	2
VITVvi_vCabSauv08_v1.1.unplaced.211	79177	5
VITVvi_vCabSauv08_v1.1.unplaced.212	53769	5
VITVvi_vCabSauv08_v1.1.unplaced.213	76450	4
VITVvi_vCabSauv08_v1.1.unplaced.214	16516	1
VITVvi_vCabSauv08_v1.1.unplaced.215	57626	4
VITVvi_vCabSauv08_v1.1.unplaced.216	60302	5
VITVvi_vCabSauv08_v1.1.unplaced.217	78621	4
VITVvi_vCabSauv08_v1.1.unplaced.219	46995	2
VITVvi_vCabSauv08_v1.1.unplaced.22	733855	48
VITVvi_vCabSauv08_v1.1.unplaced.220	67959	4
VITVvi_vCabSauv08_v1.1.unplaced.221	53348	2
VITVvi_vCabSauv08_v1.1.unplaced.222	64106	7
VITVvi_vCabSauv08_v1.1.unplaced.224	34717	1
VITVvi_vCabSauv08_v1.1.unplaced.225	36233	8
VITVvi_vCabSauv08_v1.1.unplaced.226	74019	2
VITVvi_vCabSauv08_v1.1.unplaced.227	70666	1
VITVvi_vCabSauv08_v1.1.unplaced.228	70036	2
VITVvi_vCabSauv08_v1.1.unplaced.229	73299	8
VITVvi_vCabSauv08_v1.1.unplaced.23	708671	33
VITVvi_vCabSauv08_v1.1.unplaced.230	63224	6
VITVvi_vCabSauv08_v1.1.unplaced.231	7386	1
VITVvi_vCabSauv08_v1.1.unplaced.232	74132	6
VITVvi_vCabSauv08_v1.1.unplaced.233	65935	4
VITVvi_vCabSauv08_v1.1.unplaced.234	63380	4
VITVvi_vCabSauv08_v1.1.unplaced.235	65084	6
VITVvi_vCabSauv08_v1.1.unplaced.237	68389	1
VITVvi_vCabSauv08_v1.1.unplaced.239	61441	5
VITVvi_vCabSauv08_v1.1.unplaced.24	711719	25
VITVvi_vCabSauv08_v1.1.unplaced.240	38981	1
VITVvi_vCabSauv08_v1.1.unplaced.241	28942	1
VITVvi_vCabSauv08_v1.1.unplaced.242	65789	4
VITVvi_vCabSauv08_v1.1.unplaced.243	66651	2
VITVvi_vCabSauv08_v1.1.unplaced.244	24876	1
VITVvi_vCabSauv08_v1.1.unplaced.245	52673	5
VITVvi_vCabSauv08_v1.1.unplaced.246	6573	1
VITVvi_vCabSauv08_v1.1.unplaced.247	54781	1
VITVvi_vCabSauv08_v1.1.unplaced.248	61549	3
VITVvi_vCabSauv08_v1.1.unplaced.249	26965	2
VITVvi_vCabSauv08_v1.1.unplaced.25	694730	46
VITVvi_vCabSauv08_v1.1.unplaced.250	52104	2
VITVvi_vCabSauv08_v1.1.unplaced.252	50973	5
VITVvi_vCabSauv08_v1.1.unplaced.253	61868	2
VITVvi_vCabSauv08_v1.1.unplaced.254	12506	1
VITVvi_vCabSauv08_v1.1.unplaced.255	59997	6
VITVvi_vCabSauv08_v1.1.unplaced.256	58017	5
VITVvi_vCabSauv08_v1.1.unplaced.259	50334	9
VITVvi_vCabSauv08_v1.1.unplaced.26	694391	47
VITVvi_vCabSauv08_v1.1.unplaced.262	60115	7
VITVvi_vCabSauv08_v1.1.unplaced.263	60759	4
VITVvi_vCabSauv08_v1.1.unplaced.264	57624	3
VITVvi_vCabSauv08_v1.1.unplaced.265	40516	1
VITVvi_vCabSauv08_v1.1.unplaced.267	36144	3
VITVvi_vCabSauv08_v1.1.unplaced.269	58093	6
VITVvi_vCabSauv08_v1.1.unplaced.27	652965	32
VITVvi_vCabSauv08_v1.1.unplaced.270	57698	3
VITVvi_vCabSauv08_v1.1.unplaced.271	56799	9
VITVvi_vCabSauv08_v1.1.unplaced.274	60298	6
VITVvi_vCabSauv08_v1.1.unplaced.275	55319	4
VITVvi_vCabSauv08_v1.1.unplaced.276	54402	5
VITVvi_vCabSauv08_v1.1.unplaced.277	45233	1
VITVvi_vCabSauv08_v1.1.unplaced.279	58663	2
VITVvi_vCabSauv08_v1.1.unplaced.28	602556	24
VITVvi_vCabSauv08_v1.1.unplaced.280	19021	1
VITVvi_vCabSauv08_v1.1.unplaced.281	54418	4
VITVvi_vCabSauv08_v1.1.unplaced.285	57509	5
VITVvi_vCabSauv08_v1.1.unplaced.286	59269	5
VITVvi_vCabSauv08_v1.1.unplaced.287	58766	2
VITVvi_vCabSauv08_v1.1.unplaced.288	47603	3
VITVvi_vCabSauv08_v1.1.unplaced.289	37664	3
VITVvi_vCabSauv08_v1.1.unplaced.29	593327	58
VITVvi_vCabSauv08_v1.1.unplaced.290	58467	4
VITVvi_vCabSauv08_v1.1.unplaced.291	30887	2
VITVvi_vCabSauv08_v1.1.unplaced.293	16208	1
VITVvi_vCabSauv08_v1.1.unplaced.295	53285	6
VITVvi_vCabSauv08_v1.1.unplaced.297	30859	2
VITVvi_vCabSauv08_v1.1.unplaced.298	44042	3
VITVvi_vCabSauv08_v1.1.unplaced.299	25344	2
VITVvi_vCabSauv08_v1.1.unplaced.30	574575	62
VITVvi_vCabSauv08_v1.1.unplaced.300	41410	2
VITVvi_vCabSauv08_v1.1.unplaced.302	53327	10
VITVvi_vCabSauv08_v1.1.unplaced.304	35768	1
VITVvi_vCabSauv08_v1.1.unplaced.306	16525	1
VITVvi_vCabSauv08_v1.1.unplaced.307	52060	2
VITVvi_vCabSauv08_v1.1.unplaced.308	46703	3
VITVvi_vCabSauv08_v1.1.unplaced.309	53848	2
VITVvi_vCabSauv08_v1.1.unplaced.31	562490	26
VITVvi_vCabSauv08_v1.1.unplaced.310	10767	1
VITVvi_vCabSauv08_v1.1.unplaced.311	24964	2
VITVvi_vCabSauv08_v1.1.unplaced.312	16195	1
VITVvi_vCabSauv08_v1.1.unplaced.315	33096	3
VITVvi_vCabSauv08_v1.1.unplaced.316	49365	3
VITVvi_vCabSauv08_v1.1.unplaced.317	50659	5
VITVvi_vCabSauv08_v1.1.unplaced.318	5546	2
VITVvi_vCabSauv08_v1.1.unplaced.319	43042	6
VITVvi_vCabSauv08_v1.1.unplaced.32	564037	37
VITVvi_vCabSauv08_v1.1.unplaced.320	528	1
VITVvi_vCabSauv08_v1.1.unplaced.321	40738	3
VITVvi_vCabSauv08_v1.1.unplaced.322	14718	2
VITVvi_vCabSauv08_v1.1.unplaced.323	25397	2
VITVvi_vCabSauv08_v1.1.unplaced.324	8929	1
VITVvi_vCabSauv08_v1.1.unplaced.325	21439	2
VITVvi_vCabSauv08_v1.1.unplaced.326	49992	3
VITVvi_vCabSauv08_v1.1.unplaced.327	40123	5
VITVvi_vCabSauv08_v1.1.unplaced.328	30845	2
VITVvi_vCabSauv08_v1.1.unplaced.33	516318	47
VITVvi_vCabSauv08_v1.1.unplaced.330	16691	2
VITVvi_vCabSauv08_v1.1.unplaced.331	48526	2
VITVvi_vCabSauv08_v1.1.unplaced.332	22729	2
VITVvi_vCabSauv08_v1.1.unplaced.333	33968	2
VITVvi_vCabSauv08_v1.1.unplaced.334	41774	3
VITVvi_vCabSauv08_v1.1.unplaced.335	37701	2
VITVvi_vCabSauv08_v1.1.unplaced.336	46264	3
VITVvi_vCabSauv08_v1.1.unplaced.337	41930	8
VITVvi_vCabSauv08_v1.1.unplaced.339	49212	3
VITVvi_vCabSauv08_v1.1.unplaced.34	476586	31
VITVvi_vCabSauv08_v1.1.unplaced.341	47839	3
VITVvi_vCabSauv08_v1.1.unplaced.342	44779	4
VITVvi_vCabSauv08_v1.1.unplaced.343	47294	2
VITVvi_vCabSauv08_v1.1.unplaced.345	46940	6
VITVvi_vCabSauv08_v1.1.unplaced.347	28008	2
VITVvi_vCabSauv08_v1.1.unplaced.348	47608	2
VITVvi_vCabSauv08_v1.1.unplaced.35	437167	40
VITVvi_vCabSauv08_v1.1.unplaced.350	47288	4
VITVvi_vCabSauv08_v1.1.unplaced.351	40146	2
VITVvi_vCabSauv08_v1.1.unplaced.352	35800	2
VITVvi_vCabSauv08_v1.1.unplaced.353	21888	2
VITVvi_vCabSauv08_v1.1.unplaced.355	46124	5
VITVvi_vCabSauv08_v1.1.unplaced.357	45074	3
VITVvi_vCabSauv08_v1.1.unplaced.358	43619	8
VITVvi_vCabSauv08_v1.1.unplaced.359	17492	1
VITVvi_vCabSauv08_v1.1.unplaced.360	34607	3
VITVvi_vCabSauv08_v1.1.unplaced.363	33457	4
VITVvi_vCabSauv08_v1.1.unplaced.365	28266	1
VITVvi_vCabSauv08_v1.1.unplaced.366	45636	6
VITVvi_vCabSauv08_v1.1.unplaced.367	14486	1
VITVvi_vCabSauv08_v1.1.unplaced.368	36663	4
VITVvi_vCabSauv08_v1.1.unplaced.369	45029	3
VITVvi_vCabSauv08_v1.1.unplaced.37	448487	14
VITVvi_vCabSauv08_v1.1.unplaced.370	34772	1
VITVvi_vCabSauv08_v1.1.unplaced.371	39857	1
VITVvi_vCabSauv08_v1.1.unplaced.373	42554	6
VITVvi_vCabSauv08_v1.1.unplaced.374	43190	1
VITVvi_vCabSauv08_v1.1.unplaced.375	34503	2
VITVvi_vCabSauv08_v1.1.unplaced.376	44564	4
VITVvi_vCabSauv08_v1.1.unplaced.377	14281	2
VITVvi_vCabSauv08_v1.1.unplaced.378	22293	3
VITVvi_vCabSauv08_v1.1.unplaced.380	22697	2
VITVvi_vCabSauv08_v1.1.unplaced.381	12100	2
VITVvi_vCabSauv08_v1.1.unplaced.382	39176	3
VITVvi_vCabSauv08_v1.1.unplaced.383	22362	1
VITVvi_vCabSauv08_v1.1.unplaced.385	7152	1
VITVvi_vCabSauv08_v1.1.unplaced.386	30733	1
VITVvi_vCabSauv08_v1.1.unplaced.387	40983	5
VITVvi_vCabSauv08_v1.1.unplaced.388	25250	1
VITVvi_vCabSauv08_v1.1.unplaced.39	425539	44
VITVvi_vCabSauv08_v1.1.unplaced.390	26880	4
VITVvi_vCabSauv08_v1.1.unplaced.391	42737	2
VITVvi_vCabSauv08_v1.1.unplaced.392	40083	6
VITVvi_vCabSauv08_v1.1.unplaced.394	39130	5
VITVvi_vCabSauv08_v1.1.unplaced.395	30445	4
VITVvi_vCabSauv08_v1.1.unplaced.396	22897	2
VITVvi_vCabSauv08_v1.1.unplaced.397	39783	1
VITVvi_vCabSauv08_v1.1.unplaced.398	23064	1
VITVvi_vCabSauv08_v1.1.unplaced.399	22507	1
VITVvi_vCabSauv08_v1.1.unplaced.40	397317	22
VITVvi_vCabSauv08_v1.1.unplaced.401	28640	1
VITVvi_vCabSauv08_v1.1.unplaced.403	34195	2
VITVvi_vCabSauv08_v1.1.unplaced.405	23213	3
VITVvi_vCabSauv08_v1.1.unplaced.406	39447	2
VITVvi_vCabSauv08_v1.1.unplaced.407	17581	2
VITVvi_vCabSauv08_v1.1.unplaced.408	4790	1
VITVvi_vCabSauv08_v1.1.unplaced.409	12114	1
VITVvi_vCabSauv08_v1.1.unplaced.41	407368	29
VITVvi_vCabSauv08_v1.1.unplaced.411	38160	2
VITVvi_vCabSauv08_v1.1.unplaced.412	35340	5
VITVvi_vCabSauv08_v1.1.unplaced.413	23857	2
VITVvi_vCabSauv08_v1.1.unplaced.414	33417	2
VITVvi_vCabSauv08_v1.1.unplaced.417	13587	2
VITVvi_vCabSauv08_v1.1.unplaced.418	23335	3
VITVvi_vCabSauv08_v1.1.unplaced.419	39143	6
VITVvi_vCabSauv08_v1.1.unplaced.42	378545	28
VITVvi_vCabSauv08_v1.1.unplaced.420	31697	1
VITVvi_vCabSauv08_v1.1.unplaced.422	39307	4
VITVvi_vCabSauv08_v1.1.unplaced.423	35398	1
VITVvi_vCabSauv08_v1.1.unplaced.424	34032	4
VITVvi_vCabSauv08_v1.1.unplaced.425	28032	2
VITVvi_vCabSauv08_v1.1.unplaced.429	37025	4
VITVvi_vCabSauv08_v1.1.unplaced.43	358545	40
VITVvi_vCabSauv08_v1.1.unplaced.431	35141	1
VITVvi_vCabSauv08_v1.1.unplaced.433	37961	3
VITVvi_vCabSauv08_v1.1.unplaced.435	33760	2
VITVvi_vCabSauv08_v1.1.unplaced.436	29311	3
VITVvi_vCabSauv08_v1.1.unplaced.437	32696	3
VITVvi_vCabSauv08_v1.1.unplaced.438	2420	1
VITVvi_vCabSauv08_v1.1.unplaced.439	37988	3
VITVvi_vCabSauv08_v1.1.unplaced.44	329256	24
VITVvi_vCabSauv08_v1.1.unplaced.441	35927	1
VITVvi_vCabSauv08_v1.1.unplaced.443	35894	3
VITVvi_vCabSauv08_v1.1.unplaced.444	36681	7
VITVvi_vCabSauv08_v1.1.unplaced.445	36049	2
VITVvi_vCabSauv08_v1.1.unplaced.448	34270	5
VITVvi_vCabSauv08_v1.1.unplaced.449	33765	1
VITVvi_vCabSauv08_v1.1.unplaced.45	355700	37
VITVvi_vCabSauv08_v1.1.unplaced.454	34817	2
VITVvi_vCabSauv08_v1.1.unplaced.455	33382	6
VITVvi_vCabSauv08_v1.1.unplaced.456	34283	3
VITVvi_vCabSauv08_v1.1.unplaced.459	13946	1
VITVvi_vCabSauv08_v1.1.unplaced.46	350672	17
VITVvi_vCabSauv08_v1.1.unplaced.461	25651	4
VITVvi_vCabSauv08_v1.1.unplaced.462	17482	2
VITVvi_vCabSauv08_v1.1.unplaced.463	36337	6
VITVvi_vCabSauv08_v1.1.unplaced.464	35357	5
VITVvi_vCabSauv08_v1.1.unplaced.465	33582	4
VITVvi_vCabSauv08_v1.1.unplaced.466	34422	3
VITVvi_vCabSauv08_v1.1.unplaced.467	35249	7
VITVvi_vCabSauv08_v1.1.unplaced.468	33029	3
VITVvi_vCabSauv08_v1.1.unplaced.469	18434	1
VITVvi_vCabSauv08_v1.1.unplaced.47	316019	19
VITVvi_vCabSauv08_v1.1.unplaced.470	34993	1
VITVvi_vCabSauv08_v1.1.unplaced.471	29472	2
VITVvi_vCabSauv08_v1.1.unplaced.472	25615	4
VITVvi_vCabSauv08_v1.1.unplaced.473	28965	2
VITVvi_vCabSauv08_v1.1.unplaced.475	34631	6
VITVvi_vCabSauv08_v1.1.unplaced.477	35380	2
VITVvi_vCabSauv08_v1.1.unplaced.478	21327	1
VITVvi_vCabSauv08_v1.1.unplaced.479	23691	1
VITVvi_vCabSauv08_v1.1.unplaced.48	216882	3
VITVvi_vCabSauv08_v1.1.unplaced.480	28760	4
VITVvi_vCabSauv08_v1.1.unplaced.481	32481	5
VITVvi_vCabSauv08_v1.1.unplaced.482	32957	4
VITVvi_vCabSauv08_v1.1.unplaced.483	18470	2
VITVvi_vCabSauv08_v1.1.unplaced.484	35049	7
VITVvi_vCabSauv08_v1.1.unplaced.485	35118	1
VITVvi_vCabSauv08_v1.1.unplaced.486	19909	3
VITVvi_vCabSauv08_v1.1.unplaced.49	313874	14
VITVvi_vCabSauv08_v1.1.unplaced.492	20680	1
VITVvi_vCabSauv08_v1.1.unplaced.494	2680	1
VITVvi_vCabSauv08_v1.1.unplaced.495	4774	1
VITVvi_vCabSauv08_v1.1.unplaced.496	21246	2
VITVvi_vCabSauv08_v1.1.unplaced.498	34208	1
VITVvi_vCabSauv08_v1.1.unplaced.50	315769	15
VITVvi_vCabSauv08_v1.1.unplaced.500	31440	4
VITVvi_vCabSauv08_v1.1.unplaced.501	14339	1
VITVvi_vCabSauv08_v1.1.unplaced.503	33027	5
VITVvi_vCabSauv08_v1.1.unplaced.506	4761	1
VITVvi_vCabSauv08_v1.1.unplaced.509	19055	3
VITVvi_vCabSauv08_v1.1.unplaced.51	272878	3
VITVvi_vCabSauv08_v1.1.unplaced.510	1111	2
VITVvi_vCabSauv08_v1.1.unplaced.511	18456	2
VITVvi_vCabSauv08_v1.1.unplaced.512	31753	4
VITVvi_vCabSauv08_v1.1.unplaced.513	5014	1
VITVvi_vCabSauv08_v1.1.unplaced.514	22724	2
VITVvi_vCabSauv08_v1.1.unplaced.515	20797	3
VITVvi_vCabSauv08_v1.1.unplaced.516	13829	2
VITVvi_vCabSauv08_v1.1.unplaced.517	23141	1
VITVvi_vCabSauv08_v1.1.unplaced.518	4030	1
VITVvi_vCabSauv08_v1.1.unplaced.519	10926	3
VITVvi_vCabSauv08_v1.1.unplaced.52	322330	20
VITVvi_vCabSauv08_v1.1.unplaced.521	24310	1
VITVvi_vCabSauv08_v1.1.unplaced.522	24543	2
VITVvi_vCabSauv08_v1.1.unplaced.523	1290	1
VITVvi_vCabSauv08_v1.1.unplaced.524	25000	2
VITVvi_vCabSauv08_v1.1.unplaced.526	27535	5
VITVvi_vCabSauv08_v1.1.unplaced.527	30918	4
VITVvi_vCabSauv08_v1.1.unplaced.528	31015	4
VITVvi_vCabSauv08_v1.1.unplaced.529	18357	1
VITVvi_vCabSauv08_v1.1.unplaced.53	329840	22
VITVvi_vCabSauv08_v1.1.unplaced.530	23187	2
VITVvi_vCabSauv08_v1.1.unplaced.531	28517	6
VITVvi_vCabSauv08_v1.1.unplaced.532	5113	1
VITVvi_vCabSauv08_v1.1.unplaced.534	21056	1
VITVvi_vCabSauv08_v1.1.unplaced.535	23895	3
VITVvi_vCabSauv08_v1.1.unplaced.536	26544	2
VITVvi_vCabSauv08_v1.1.unplaced.54	310343	22
VITVvi_vCabSauv08_v1.1.unplaced.540	7774	1
VITVvi_vCabSauv08_v1.1.unplaced.542	3745	1
VITVvi_vCabSauv08_v1.1.unplaced.543	28065	3
VITVvi_vCabSauv08_v1.1.unplaced.544	31406	3
VITVvi_vCabSauv08_v1.1.unplaced.545	9424	1
VITVvi_vCabSauv08_v1.1.unplaced.546	17544	1
VITVvi_vCabSauv08_v1.1.unplaced.547	14378	1
VITVvi_vCabSauv08_v1.1.unplaced.548	31125	2
VITVvi_vCabSauv08_v1.1.unplaced.549	25705	2
VITVvi_vCabSauv08_v1.1.unplaced.55	245632	7
VITVvi_vCabSauv08_v1.1.unplaced.550	27866	5
VITVvi_vCabSauv08_v1.1.unplaced.552	28404	4
VITVvi_vCabSauv08_v1.1.unplaced.553	16866	1
VITVvi_vCabSauv08_v1.1.unplaced.554	29942	1
VITVvi_vCabSauv08_v1.1.unplaced.555	29978	4
VITVvi_vCabSauv08_v1.1.unplaced.557	17661	2
VITVvi_vCabSauv08_v1.1.unplaced.558	25354	2
VITVvi_vCabSauv08_v1.1.unplaced.559	29803	2
VITVvi_vCabSauv08_v1.1.unplaced.56	308763	7
VITVvi_vCabSauv08_v1.1.unplaced.561	28307	5
VITVvi_vCabSauv08_v1.1.unplaced.563	24482	3
VITVvi_vCabSauv08_v1.1.unplaced.567	28836	3
VITVvi_vCabSauv08_v1.1.unplaced.568	16333	3
VITVvi_vCabSauv08_v1.1.unplaced.57	278106	12
VITVvi_vCabSauv08_v1.1.unplaced.570	18045	2
VITVvi_vCabSauv08_v1.1.unplaced.571	22221	1
VITVvi_vCabSauv08_v1.1.unplaced.573	27206	2
VITVvi_vCabSauv08_v1.1.unplaced.574	28767	3
VITVvi_vCabSauv08_v1.1.unplaced.575	8218	1
VITVvi_vCabSauv08_v1.1.unplaced.576	21004	1
VITVvi_vCabSauv08_v1.1.unplaced.577	1058	1
VITVvi_vCabSauv08_v1.1.unplaced.578	13423	2
VITVvi_vCabSauv08_v1.1.unplaced.579	7949	1
VITVvi_vCabSauv08_v1.1.unplaced.58	312898	15
VITVvi_vCabSauv08_v1.1.unplaced.581	24475	1
VITVvi_vCabSauv08_v1.1.unplaced.582	29239	4
VITVvi_vCabSauv08_v1.1.unplaced.583	2963	1
VITVvi_vCabSauv08_v1.1.unplaced.584	27158	2
VITVvi_vCabSauv08_v1.1.unplaced.585	23142	3
VITVvi_vCabSauv08_v1.1.unplaced.586	27922	2
VITVvi_vCabSauv08_v1.1.unplaced.587	25371	7
VITVvi_vCabSauv08_v1.1.unplaced.59	295266	22
VITVvi_vCabSauv08_v1.1.unplaced.590	21282	3
VITVvi_vCabSauv08_v1.1.unplaced.591	28956	3
VITVvi_vCabSauv08_v1.1.unplaced.593	9214	2
VITVvi_vCabSauv08_v1.1.unplaced.594	23321	3
VITVvi_vCabSauv08_v1.1.unplaced.596	18101	3
VITVvi_vCabSauv08_v1.1.unplaced.6	1412871	125
VITVvi_vCabSauv08_v1.1.unplaced.60	275896	9
VITVvi_vCabSauv08_v1.1.unplaced.601	28511	3
VITVvi_vCabSauv08_v1.1.unplaced.604	15797	4
VITVvi_vCabSauv08_v1.1.unplaced.605	12060	1
VITVvi_vCabSauv08_v1.1.unplaced.607	2622	1
VITVvi_vCabSauv08_v1.1.unplaced.609	28336	1
VITVvi_vCabSauv08_v1.1.unplaced.610	15166	2
VITVvi_vCabSauv08_v1.1.unplaced.612	17229	2
VITVvi_vCabSauv08_v1.1.unplaced.613	11076	1
VITVvi_vCabSauv08_v1.1.unplaced.615	26041	2
VITVvi_vCabSauv08_v1.1.unplaced.616	25965	3
VITVvi_vCabSauv08_v1.1.unplaced.617	26965	2
VITVvi_vCabSauv08_v1.1.unplaced.618	20387	5
VITVvi_vCabSauv08_v1.1.unplaced.619	6463	1
VITVvi_vCabSauv08_v1.1.unplaced.62	252308	7
VITVvi_vCabSauv08_v1.1.unplaced.620	7021	1
VITVvi_vCabSauv08_v1.1.unplaced.622	19379	3
VITVvi_vCabSauv08_v1.1.unplaced.623	27128	3
VITVvi_vCabSauv08_v1.1.unplaced.624	1560	1
VITVvi_vCabSauv08_v1.1.unplaced.626	20486	1
VITVvi_vCabSauv08_v1.1.unplaced.627	25180	2
VITVvi_vCabSauv08_v1.1.unplaced.629	27068	5
VITVvi_vCabSauv08_v1.1.unplaced.63	276264	9
VITVvi_vCabSauv08_v1.1.unplaced.630	18478	1
VITVvi_vCabSauv08_v1.1.unplaced.632	21839	1
VITVvi_vCabSauv08_v1.1.unplaced.634	8973	2
VITVvi_vCabSauv08_v1.1.unplaced.635	14373	2
VITVvi_vCabSauv08_v1.1.unplaced.636	23884	2
VITVvi_vCabSauv08_v1.1.unplaced.638	22991	3
VITVvi_vCabSauv08_v1.1.unplaced.639	25706	2
VITVvi_vCabSauv08_v1.1.unplaced.64	273056	26
VITVvi_vCabSauv08_v1.1.unplaced.640	10991	2
VITVvi_vCabSauv08_v1.1.unplaced.641	3016	1
VITVvi_vCabSauv08_v1.1.unplaced.643	15134	3
VITVvi_vCabSauv08_v1.1.unplaced.644	13324	2
VITVvi_vCabSauv08_v1.1.unplaced.645	25031	2
VITVvi_vCabSauv08_v1.1.unplaced.646	24001	1
VITVvi_vCabSauv08_v1.1.unplaced.647	14125	2
VITVvi_vCabSauv08_v1.1.unplaced.648	18495	3
VITVvi_vCabSauv08_v1.1.unplaced.649	22263	3
VITVvi_vCabSauv08_v1.1.unplaced.65	276206	25
VITVvi_vCabSauv08_v1.1.unplaced.650	21022	5
VITVvi_vCabSauv08_v1.1.unplaced.651	3847	1
VITVvi_vCabSauv08_v1.1.unplaced.652	12289	1
VITVvi_vCabSauv08_v1.1.unplaced.654	18784	3
VITVvi_vCabSauv08_v1.1.unplaced.655	26287	5
VITVvi_vCabSauv08_v1.1.unplaced.656	8801	1
VITVvi_vCabSauv08_v1.1.unplaced.659	25603	1
VITVvi_vCabSauv08_v1.1.unplaced.66	270954	25
VITVvi_vCabSauv08_v1.1.unplaced.660	8139	1
VITVvi_vCabSauv08_v1.1.unplaced.661	1157	1
VITVvi_vCabSauv08_v1.1.unplaced.663	17938	2
VITVvi_vCabSauv08_v1.1.unplaced.664	17288	1
VITVvi_vCabSauv08_v1.1.unplaced.665	24323	3
VITVvi_vCabSauv08_v1.1.unplaced.666	18075	2
VITVvi_vCabSauv08_v1.1.unplaced.667	18396	1
VITVvi_vCabSauv08_v1.1.unplaced.67	268569	9
VITVvi_vCabSauv08_v1.1.unplaced.673	6143	1
VITVvi_vCabSauv08_v1.1.unplaced.674	20970	3
VITVvi_vCabSauv08_v1.1.unplaced.675	4660	1
VITVvi_vCabSauv08_v1.1.unplaced.676	24823	1
VITVvi_vCabSauv08_v1.1.unplaced.678	19662	1
VITVvi_vCabSauv08_v1.1.unplaced.68	273062	25
VITVvi_vCabSauv08_v1.1.unplaced.681	24833	2
VITVvi_vCabSauv08_v1.1.unplaced.683	19245	1
VITVvi_vCabSauv08_v1.1.unplaced.687	24909	2
VITVvi_vCabSauv08_v1.1.unplaced.689	8793	1
VITVvi_vCabSauv08_v1.1.unplaced.69	190738	10
VITVvi_vCabSauv08_v1.1.unplaced.691	23704	2
VITVvi_vCabSauv08_v1.1.unplaced.692	9087	1
VITVvi_vCabSauv08_v1.1.unplaced.693	24341	3
VITVvi_vCabSauv08_v1.1.unplaced.694	8349	2
VITVvi_vCabSauv08_v1.1.unplaced.695	24653	2
VITVvi_vCabSauv08_v1.1.unplaced.696	24113	1
VITVvi_vCabSauv08_v1.1.unplaced.697	23290	2
VITVvi_vCabSauv08_v1.1.unplaced.698	23612	2
VITVvi_vCabSauv08_v1.1.unplaced.7	1355501	56
VITVvi_vCabSauv08_v1.1.unplaced.70	223280	8
VITVvi_vCabSauv08_v1.1.unplaced.700	17480	3
VITVvi_vCabSauv08_v1.1.unplaced.704	22450	2
VITVvi_vCabSauv08_v1.1.unplaced.705	19060	2
VITVvi_vCabSauv08_v1.1.unplaced.706	23956	5
VITVvi_vCabSauv08_v1.1.unplaced.707	23001	3
VITVvi_vCabSauv08_v1.1.unplaced.708	12082	1
VITVvi_vCabSauv08_v1.1.unplaced.71	8040	2
VITVvi_vCabSauv08_v1.1.unplaced.711	4212	1
VITVvi_vCabSauv08_v1.1.unplaced.712	23406	1
VITVvi_vCabSauv08_v1.1.unplaced.713	22249	1
VITVvi_vCabSauv08_v1.1.unplaced.715	18233	2
VITVvi_vCabSauv08_v1.1.unplaced.72	258919	6
VITVvi_vCabSauv08_v1.1.unplaced.720	23493	2
VITVvi_vCabSauv08_v1.1.unplaced.723	16003	2
VITVvi_vCabSauv08_v1.1.unplaced.724	13934	2
VITVvi_vCabSauv08_v1.1.unplaced.728	22799	2
VITVvi_vCabSauv08_v1.1.unplaced.729	22759	1
VITVvi_vCabSauv08_v1.1.unplaced.73	250948	16
VITVvi_vCabSauv08_v1.1.unplaced.730	17754	2
VITVvi_vCabSauv08_v1.1.unplaced.731	17689	1
VITVvi_vCabSauv08_v1.1.unplaced.732	5691	1
VITVvi_vCabSauv08_v1.1.unplaced.734	7134	2
VITVvi_vCabSauv08_v1.1.unplaced.735	22363	2
VITVvi_vCabSauv08_v1.1.unplaced.736	17863	2
VITVvi_vCabSauv08_v1.1.unplaced.74	238924	13
VITVvi_vCabSauv08_v1.1.unplaced.742	20397	3
VITVvi_vCabSauv08_v1.1.unplaced.743	18021	3
VITVvi_vCabSauv08_v1.1.unplaced.744	21311	4
VITVvi_vCabSauv08_v1.1.unplaced.747	8228	2
VITVvi_vCabSauv08_v1.1.unplaced.748	20137	2
VITVvi_vCabSauv08_v1.1.unplaced.749	22593	2
VITVvi_vCabSauv08_v1.1.unplaced.75	245656	33
VITVvi_vCabSauv08_v1.1.unplaced.750	14562	2
VITVvi_vCabSauv08_v1.1.unplaced.751	16501	1
VITVvi_vCabSauv08_v1.1.unplaced.754	17700	3
VITVvi_vCabSauv08_v1.1.unplaced.755	18683	4
VITVvi_vCabSauv08_v1.1.unplaced.756	19477	1
VITVvi_vCabSauv08_v1.1.unplaced.758	22046	3
VITVvi_vCabSauv08_v1.1.unplaced.759	21869	1
VITVvi_vCabSauv08_v1.1.unplaced.76	155077	2
VITVvi_vCabSauv08_v1.1.unplaced.760	3199	1
VITVvi_vCabSauv08_v1.1.unplaced.761	20472	3
VITVvi_vCabSauv08_v1.1.unplaced.763	266	1
VITVvi_vCabSauv08_v1.1.unplaced.765	22250	2
VITVvi_vCabSauv08_v1.1.unplaced.766	8676	1
VITVvi_vCabSauv08_v1.1.unplaced.767	21920	2
VITVvi_vCabSauv08_v1.1.unplaced.768	16986	1
VITVvi_vCabSauv08_v1.1.unplaced.769	21074	1
VITVvi_vCabSauv08_v1.1.unplaced.77	241965	19
VITVvi_vCabSauv08_v1.1.unplaced.771	21413	1
VITVvi_vCabSauv08_v1.1.unplaced.773	13110	3
VITVvi_vCabSauv08_v1.1.unplaced.774	21066	2
VITVvi_vCabSauv08_v1.1.unplaced.776	7290	1
VITVvi_vCabSauv08_v1.1.unplaced.777	12204	1
VITVvi_vCabSauv08_v1.1.unplaced.779	21888	1
VITVvi_vCabSauv08_v1.1.unplaced.78	241599	7
VITVvi_vCabSauv08_v1.1.unplaced.780	20827	2
VITVvi_vCabSauv08_v1.1.unplaced.781	9520	2
VITVvi_vCabSauv08_v1.1.unplaced.782	3280	1
VITVvi_vCabSauv08_v1.1.unplaced.783	3385	1
VITVvi_vCabSauv08_v1.1.unplaced.784	7677	1
VITVvi_vCabSauv08_v1.1.unplaced.785	9134	1
VITVvi_vCabSauv08_v1.1.unplaced.786	21657	1
VITVvi_vCabSauv08_v1.1.unplaced.787	17979	4
VITVvi_vCabSauv08_v1.1.unplaced.788	19701	3
VITVvi_vCabSauv08_v1.1.unplaced.79	239747	3
VITVvi_vCabSauv08_v1.1.unplaced.793	12173	2
VITVvi_vCabSauv08_v1.1.unplaced.795	4851	5
VITVvi_vCabSauv08_v1.1.unplaced.796	21205	3
VITVvi_vCabSauv08_v1.1.unplaced.799	14792	1
VITVvi_vCabSauv08_v1.1.unplaced.8	1376803	84
VITVvi_vCabSauv08_v1.1.unplaced.80	149890	2
VITVvi_vCabSauv08_v1.1.unplaced.802	8834	1
VITVvi_vCabSauv08_v1.1.unplaced.803	10788	1
VITVvi_vCabSauv08_v1.1.unplaced.804	14162	1
VITVvi_vCabSauv08_v1.1.unplaced.805	13967	1
VITVvi_vCabSauv08_v1.1.unplaced.807	4288	1
VITVvi_vCabSauv08_v1.1.unplaced.808	17917	2
VITVvi_vCabSauv08_v1.1.unplaced.81	233592	9
VITVvi_vCabSauv08_v1.1.unplaced.811	12839	2
VITVvi_vCabSauv08_v1.1.unplaced.813	17974	2
VITVvi_vCabSauv08_v1.1.unplaced.814	18118	1
VITVvi_vCabSauv08_v1.1.unplaced.818	20483	3
VITVvi_vCabSauv08_v1.1.unplaced.819	19205	1
VITVvi_vCabSauv08_v1.1.unplaced.820	20145	4
VITVvi_vCabSauv08_v1.1.unplaced.821	17988	2
VITVvi_vCabSauv08_v1.1.unplaced.822	8475	1
VITVvi_vCabSauv08_v1.1.unplaced.823	12183	1
VITVvi_vCabSauv08_v1.1.unplaced.825	19131	3
VITVvi_vCabSauv08_v1.1.unplaced.827	9953	1
VITVvi_vCabSauv08_v1.1.unplaced.828	19588	3
VITVvi_vCabSauv08_v1.1.unplaced.829	7156	1
VITVvi_vCabSauv08_v1.1.unplaced.83	221746	10
VITVvi_vCabSauv08_v1.1.unplaced.830	15391	3
VITVvi_vCabSauv08_v1.1.unplaced.831	13889	1
VITVvi_vCabSauv08_v1.1.unplaced.832	12915	2
VITVvi_vCabSauv08_v1.1.unplaced.833	9469	3
VITVvi_vCabSauv08_v1.1.unplaced.834	16960	1
VITVvi_vCabSauv08_v1.1.unplaced.836	16947	3
VITVvi_vCabSauv08_v1.1.unplaced.837	3757	1
VITVvi_vCabSauv08_v1.1.unplaced.84	183620	11
VITVvi_vCabSauv08_v1.1.unplaced.840	15330	1
VITVvi_vCabSauv08_v1.1.unplaced.843	19869	3
VITVvi_vCabSauv08_v1.1.unplaced.845	13997	2
VITVvi_vCabSauv08_v1.1.unplaced.847	17879	2
VITVvi_vCabSauv08_v1.1.unplaced.849	11699	2
VITVvi_vCabSauv08_v1.1.unplaced.85	210700	9
VITVvi_vCabSauv08_v1.1.unplaced.851	18143	3
VITVvi_vCabSauv08_v1.1.unplaced.852	9943	2
VITVvi_vCabSauv08_v1.1.unplaced.854	17816	1
VITVvi_vCabSauv08_v1.1.unplaced.856	19399	2
VITVvi_vCabSauv08_v1.1.unplaced.857	16881	4
VITVvi_vCabSauv08_v1.1.unplaced.86	218760	11
VITVvi_vCabSauv08_v1.1.unplaced.860	18922	2
VITVvi_vCabSauv08_v1.1.unplaced.861	19289	3
VITVvi_vCabSauv08_v1.1.unplaced.863	5683	1
VITVvi_vCabSauv08_v1.1.unplaced.866	15265	1
VITVvi_vCabSauv08_v1.1.unplaced.867	16563	2
VITVvi_vCabSauv08_v1.1.unplaced.868	2964	1
VITVvi_vCabSauv08_v1.1.unplaced.869	18616	1
VITVvi_vCabSauv08_v1.1.unplaced.87	214459	12
VITVvi_vCabSauv08_v1.1.unplaced.870	17743	1
VITVvi_vCabSauv08_v1.1.unplaced.871	18943	3
VITVvi_vCabSauv08_v1.1.unplaced.872	18992	3
VITVvi_vCabSauv08_v1.1.unplaced.873	11146	1
VITVvi_vCabSauv08_v1.1.unplaced.874	2519	1
VITVvi_vCabSauv08_v1.1.unplaced.875	18953	1
VITVvi_vCabSauv08_v1.1.unplaced.876	16759	2
VITVvi_vCabSauv08_v1.1.unplaced.879	14548	1
VITVvi_vCabSauv08_v1.1.unplaced.88	201617	18
VITVvi_vCabSauv08_v1.1.unplaced.880	9247	1
VITVvi_vCabSauv08_v1.1.unplaced.881	4652	1
VITVvi_vCabSauv08_v1.1.unplaced.882	17264	1
VITVvi_vCabSauv08_v1.1.unplaced.883	12746	2
VITVvi_vCabSauv08_v1.1.unplaced.885	17797	1
VITVvi_vCabSauv08_v1.1.unplaced.888	17887	1
VITVvi_vCabSauv08_v1.1.unplaced.889	9558	2
VITVvi_vCabSauv08_v1.1.unplaced.89	206949	16
VITVvi_vCabSauv08_v1.1.unplaced.890	10217	2
VITVvi_vCabSauv08_v1.1.unplaced.891	6114	1
VITVvi_vCabSauv08_v1.1.unplaced.892	16015	1
VITVvi_vCabSauv08_v1.1.unplaced.893	1892	1
VITVvi_vCabSauv08_v1.1.unplaced.894	15937	3
VITVvi_vCabSauv08_v1.1.unplaced.897	15898	4
VITVvi_vCabSauv08_v1.1.unplaced.898	4027	1
VITVvi_vCabSauv08_v1.1.unplaced.899	14051	2
VITVvi_vCabSauv08_v1.1.unplaced.9	1371131	91
VITVvi_vCabSauv08_v1.1.unplaced.90	211089	29
VITVvi_vCabSauv08_v1.1.unplaced.900	18228	2
VITVvi_vCabSauv08_v1.1.unplaced.904	17024	2
VITVvi_vCabSauv08_v1.1.unplaced.905	11408	1
VITVvi_vCabSauv08_v1.1.unplaced.906	1214	1
VITVvi_vCabSauv08_v1.1.unplaced.907	10572	1
VITVvi_vCabSauv08_v1.1.unplaced.908	13917	1
VITVvi_vCabSauv08_v1.1.unplaced.91	181083	8
VITVvi_vCabSauv08_v1.1.unplaced.910	890	1
VITVvi_vCabSauv08_v1.1.unplaced.913	17437	1
VITVvi_vCabSauv08_v1.1.unplaced.914	13748	1
VITVvi_vCabSauv08_v1.1.unplaced.915	17286	4
VITVvi_vCabSauv08_v1.1.unplaced.918	8759	1
VITVvi_vCabSauv08_v1.1.unplaced.92	191899	13
VITVvi_vCabSauv08_v1.1.unplaced.920	17426	2
VITVvi_vCabSauv08_v1.1.unplaced.921	17453	3
VITVvi_vCabSauv08_v1.1.unplaced.922	11537	1
VITVvi_vCabSauv08_v1.1.unplaced.923	11440	1
VITVvi_vCabSauv08_v1.1.unplaced.927	16761	1
VITVvi_vCabSauv08_v1.1.unplaced.928	15120	1
VITVvi_vCabSauv08_v1.1.unplaced.929	14328	2
VITVvi_vCabSauv08_v1.1.unplaced.93	195519	12
VITVvi_vCabSauv08_v1.1.unplaced.930	16808	1
VITVvi_vCabSauv08_v1.1.unplaced.933	17067	2
VITVvi_vCabSauv08_v1.1.unplaced.935	10918	1
VITVvi_vCabSauv08_v1.1.unplaced.939	3271	1
VITVvi_vCabSauv08_v1.1.unplaced.94	177412	4
VITVvi_vCabSauv08_v1.1.unplaced.940	16286	1
VITVvi_vCabSauv08_v1.1.unplaced.941	8521	1
VITVvi_vCabSauv08_v1.1.unplaced.945	15953	2
VITVvi_vCabSauv08_v1.1.unplaced.946	16162	1
VITVvi_vCabSauv08_v1.1.unplaced.947	8535	1
VITVvi_vCabSauv08_v1.1.unplaced.948	14107	2
VITVvi_vCabSauv08_v1.1.unplaced.95	190533	5
VITVvi_vCabSauv08_v1.1.unplaced.950	5738	1
VITVvi_vCabSauv08_v1.1.unplaced.951	5523	1
VITVvi_vCabSauv08_v1.1.unplaced.952	14495	2
VITVvi_vCabSauv08_v1.1.unplaced.953	12595	1
VITVvi_vCabSauv08_v1.1.unplaced.956	8030	1
VITVvi_vCabSauv08_v1.1.unplaced.957	15292	3
VITVvi_vCabSauv08_v1.1.unplaced.958	9456	2
VITVvi_vCabSauv08_v1.1.unplaced.960	8186	1
VITVvi_vCabSauv08_v1.1.unplaced.962	12284	1
VITVvi_vCabSauv08_v1.1.unplaced.963	11002	1
VITVvi_vCabSauv08_v1.1.unplaced.965	13790	1
VITVvi_vCabSauv08_v1.1.unplaced.967	15532	1
VITVvi_vCabSauv08_v1.1.unplaced.969	11989	2
VITVvi_vCabSauv08_v1.1.unplaced.97	167749	16
VITVvi_vCabSauv08_v1.1.unplaced.970	4003	1
VITVvi_vCabSauv08_v1.1.unplaced.974	13843	1
VITVvi_vCabSauv08_v1.1.unplaced.975	9934	2
VITVvi_vCabSauv08_v1.1.unplaced.979	15040	1
VITVvi_vCabSauv08_v1.1.unplaced.98	156656	4
VITVvi_vCabSauv08_v1.1.unplaced.980	13744	3
VITVvi_vCabSauv08_v1.1.unplaced.982	4425	1
VITVvi_vCabSauv08_v1.1.unplaced.987	10733	1
VITVvi_vCabSauv08_v1.1.unplaced.99	182014	18
VITVvi_vCabSauv08_v1.1.unplaced.990	10005	1
VITVvi_vCabSauv08_v1.1.unplaced.991	9426	2
VITVvi_vCabSauv08_v1.1.unplaced.994	13340	1
VITVvi_vCabSauv08_v1.1.unplaced.995	649	1
